"Marca temporal","Edad","Género","EstudiosActuales","EstudiosFuturosPrimaria","Porque1 ","AsignaturasPreferidasPrimaria","AsignaturasPeorPrimaria","EstudiosFuturosBach","Porque2","PorqueNoCiencias","AsignaturasPreferidasBach","AsignaturasPeorBach","EstudiosActualesBach","RamaEstudios","PorqueRama","CorrespondePrimeraOpcionSelectividad","CorrespondePequeñx","Porque3","OpinionInformaticxs","BaseOpinion","Desanimo","Porque4","PorqueMenosMujeres"
"2017/12/19 8:31:12 a. m. CET","17","Mujer","Bachillerato/Grado Medio","","","","","Ciencias de la salud ( Enfermería, Medicina, Odontología...)","Porque realmente te gusta","porque se exactamente lo que me gusta","Ciencias de la Naturaleza, Biología...;Matemáticas;Física;Dibujo","Química","","","","","","","Me parecen muy utiles","conocidos","No","a mi siempre me han animado a cualquier carrera","desinformacion"
"2017/12/19 8:34:06 a. m. CET","17","Mujer","Bachillerato/Grado Medio","","","","","Ciencias de la salud ( Enfermería, Medicina, Odontología...)","Porque realmente te gusta","","Ciencias de la Naturaleza, Biología...;Química","Idiomas","","","","","","","Es una carrera muy necesaria","En lo que me cuentan conocidos/as/familiares que lo son","No","Nunca nos dicen que carreras podemos estudiar","Porque hoy en día todavia se cree que hay carreras solo para hombres"
"2017/12/19 9:29:05 a. m. CET","17","Mujer","Bachillerato/Grado Medio","","","","","Ciencias de la salud ( Enfermería, Medicina, Odontología...)","Porque realmente te gusta;Porque tiene salidas profesionales","","Ciencias de la Naturaleza, Biología...;Matemáticas;Idiomas","Matemáticas;Química","","","","","","","Que su trabajo es difícil","En lo que me cuentan conocidos/as/familiares que lo son","Si","Porque se las infravalora","No lo sé"
"2017/12/19 9:31:19 a. m. CET","19","Hombre","Bachillerato/Grado Medio","","","","","Ciencias sociales (Sociología, Economía, Ciencias Políticas, Psicología...)","Porque tiene salidas profesionales","inef","Matemáticas","Ciencias de la Naturaleza, Biología...","","","","","","","que es un trabajo muy dificil","En lo que me cuentan conocidos/as/familiares que lo son","No","creo que hay las mismas igualdades","nolose"
"2017/12/19 9:34:42 a. m. CET","19","Hombre","Bachillerato/Grado Medio","","","","","Ingeniería ( Informática, Telecomunicaciones, Industriales, Aeroespacial...)","Porque tiene salidas profesionales","","Ciencias Sociales, Historia, Filosofía...;Idiomas","Matemáticas;Física","","","","","","","opino que es el futuro y tiene salidas ","Porque lo soy o estoy estudiando para serlo","No","porque cada uno elige lo que quiere estudiar","porque les interesará otro tipo de carreras"
"2017/12/19 9:40:28 a. m. CET","15","Mujer","Bachillerato/Grado Medio","","","","","Técnicos profesionales (Industria, Nutrición, Turismo, Imagen y sonido, Electricidad...)","Porque realmente te gusta","No me gustan las ciencias ni la ingeniería.","Matemáticas;Idiomas;Educación Física","Ciencias de la Naturaleza, Biología...;Ciencias Sociales, Historia, Filosofía...;Física;Química;Economía","","","","","","","Opino que les gusta y apasiona lo que hacen, y tienen unos buenos conocimientos.","En lo que veo en películas, series, televisión, libros...","Si","Porque la sociedad ahora ve a las mujeres más acorde con la medicina u otras cosas.","Porque la mayoría estudian medicina u otros."
"2017/12/19 9:45:13 a. m. CET","16","Mujer","Bachillerato/Grado Medio","","","","","Ciencias sociales (Sociología, Economía, Ciencias Políticas, Psicología...)","Porque realmente te gusta","porque no me gustan las ciencias","Ciencias Sociales, Historia, Filosofía...;Lengua Castellana y Literatura;Educación Física","Idiomas;Economía","","","","","","","que son muy utiles y listos","En lo que veo en películas, series, televisión, libros...;En lo que me cuentan conocidos/as/familiares que lo son","Si","porque inconscientemente siguen pensando que es cosa de hombres","porque no les gusta"
"2017/12/19 9:48:02 a. m. CET","16","Mujer","Bachillerato/Grado Medio","","","","","Ciencias de la salud ( Enfermería, Medicina, Odontología...)","Porque realmente te gusta","","Ciencias de la Naturaleza, Biología...;Idiomas","Ciencias Sociales, Historia, Filosofía...","","","","","","","Me parece interesante la carrera. ","En lo que me cuentan conocidos/as/familiares que lo son","Si","Porque hay cánones de hombre y mujer los cuales aún no se quitan.","Se las influencia. "
"2017/12/19 9:53:26 a. m. CET","16","Mujer","Bachillerato/Grado Medio","","","","","Artes (Bellas Artes, Diseño Gráfico, Cine, Teatro, Arquitectura...)","Porque realmente te gusta","porque mis gustos son diferentes y creo que no llegaria a la nota
","Ciencias de la Naturaleza, Biología...;Dibujo","Física;Química;Economía","","","","","","","que tendria que haber mas porque ayudan con los avances tecnologicos","En lo que veo en películas, series, televisión, libros...;En lo que me cuentan conocidos/as/familiares que lo son","No","porque ahora te ayudan con lo que quieras ser sin depender del sexo","porque sus intereses son distintos en la mayoria de lops casos"
"2017/12/19 9:58:06 a. m. CET","16","Mujer","Bachillerato/Grado Medio","","","","","Ciencias sociales (Sociología, Economía, Ciencias Políticas, Psicología...)","Porque realmente te gusta","","Educación Física","Física","","","","","","","que tienen un trabajo muy importante con los avances de la actualidad","En lo que me cuentan conocidos/as/familiares que lo son","Si","porque se dice que las mujeres no son capaces de realizar dichos trabajos","porque se dejan influenciar por los comentarios y muy pocas se animan"
"2017/12/19 10:01:45 a. m. CET","16","Mujer","Bachillerato/Grado Medio","","","","","Ciencias sociales (Sociología, Economía, Ciencias Políticas, Psicología...)","Porque realmente te gusta","Porque me resulta un tanto cansino y complicado","Lengua Castellana y Literatura","Idiomas","","","","","","","Que contribuyen gratamente a la sociedad","En lo que veo en películas, series, televisión, libros...","Si","Porque las hacen barajar otras ideas","Porque no han sido motivadas lo necesario"
"2017/12/19 10:06:19 a. m. CET","16","Mujer","Bachillerato/Grado Medio","","","","","Ciencias de la salud ( Enfermería, Medicina, Odontología...)","Porque realmente te gusta","","Ciencias de la Naturaleza, Biología...","Matemáticas","","","","","","","Pienso que es un trabajo que requiere mucho esfuerzo e innovacion constante","En lo que veo en películas, series, televisión, libros...","No","Porque estudiar informática o no depende de tus gustos e intereses","No lo se, pero realmente no creo que sea por cuestiones tradicionales porque particularmente me gustan las ciencias de la salud por interes y gusto."
"2017/12/19 10:10:58 a. m. CET","17","Mujer","Bachillerato/Grado Medio","","","","","Ciencias sociales (Sociología, Economía, Ciencias Políticas, Psicología...)","Porque realmente te gusta","","Ciencias Sociales, Historia, Filosofía...","Ciencias de la Naturaleza, Biología...;Matemáticas","","","","","","","son personas que estudian y trabajan para avances del campo al que pertenecen. Me parece que merecen admiración porque no es nada fácil su labor.","en mis conocimientos ","Si","Porque vivimos en una sociedad sexista y aun no se han superado ciertas barreras.","porque no se les da la valoración que deberían tener "
"2017/12/19 10:13:39 a. m. CET","19","Hombre","Bachillerato/Grado Medio","","","","","Seguridad (Bombero/a, Policía, Guardia Civil...)","Porque realmente te gusta","es lo que masa me gusta","Ciencias Sociales, Historia, Filosofía...","Lengua Castellana y Literatura;Matemáticas;Idiomas;Física;Química","","","","","","","jughjj","En lo que me cuentan conocidos/as/familiares que lo son","No","cada uno estudia lo que le gustas","ni idea"
"2017/12/19 10:18:32 a. m. CET","16","Hombre","Bachillerato/Grado Medio","","","","","Seguridad (Bombero/a, Policía, Guardia Civil...)","Porque realmente te gusta","No men veo estudiando tantos años.","Química","Matemáticas","","","","","","","Tienen una buena profesión y normalmente disfrutan de su trabajo.","En lo que me cuentan conocidos/as/familiares que lo son","No","No veo que haya ningún tipo de mensaje  ni subliminal ni nada.","Les gustará menos."
"2017/12/19 10:21:05 a. m. CET","17","Mujer","Bachillerato/Grado Medio","","","","","Ciencias sociales (Sociología, Economía, Ciencias Políticas, Psicología...)","Porque realmente te gusta;Porque tiene salidas profesionales","porque se me da mal la fisica ","Lengua Castellana y Literatura;Música","Ciencias Sociales, Historia, Filosofía...;Matemáticas;Economía","","","","","","","que hacen un buen trabajo","En lo que veo en películas, series, televisión, libros...","No","cada uno estudia lo que quiere","nos suele gustar mas otro tipo de carreras como magisterio, psicologiua etc pero todo depende de cada uno"
"2017/12/19 11:19:40 a. m. CET","16","Hombre","Bachillerato/Grado Medio","","","","","Humanidades (Filosofía, Periodismo, Derecho, Magisterio...)","Porque realmente te gusta","Porque no me gustan aunque se me dan bien.","Ciencias de la Naturaleza, Biología...;Lengua Castellana y Literatura;Matemáticas;Educación Física","Idiomas","","","","","","","Opino que son muy inteligentes y bien pagados.","En lo que me cuentan conocidos/as/familiares que lo son","No","Porque esas carreras se estudian de igual forma para ambos sexos.","Poque no las gustaran o porque vivimos en una sociedad un poco machista."
"2017/12/19 11:23:52 a. m. CET","17","Mujer","Bachillerato/Grado Medio","","","","","Humanidades (Filosofía, Periodismo, Derecho, Magisterio...)","Porque realmente te gusta","Las profesiones de esta areas no me gustan y no se me dan bien","Ciencias de la Naturaleza, Biología...;Idiomas;Educación Física","Ciencias Sociales, Historia, Filosofía...;Química;Economía","","","","","","","Es una buena profesion","En lo que me cuentan conocidos/as/familiares que lo son","No","Porque esta esta abierta al publico, son ellas las que deciden no hacerlo","Porque generalmente esta se asocia a losa honmbres y no gusta a las mujeres"
"2017/12/19 11:40:46 a. m. CET","17","Mujer","Bachillerato/Grado Medio","","","","","Ingeniería ( Informática, Telecomunicaciones, Industriales, Aeroespacial...)","Porque realmente te gusta","","Matemáticas","Ingles","","","","","","","Que son muy listos ","En lo que me cuentan conocidos/as/familiares que lo son;Porque lo soy o estoy estudiando para serlo","A veces ","Porque hay personas que las hacen de menos","Porque es mas complicado "
"2017/12/19 11:44:13 a. m. CET","17","Hombre","Bachillerato/Grado Medio","","","","","Ingeniería ( Informática, Telecomunicaciones, Industriales, Aeroespacial...)","Porque realmente te gusta;Por influencia de tu familia","","Matemáticas;Física","Lengua Castellana y Literatura","","","","","","","Nada en especial","Porque lo soy o estoy estudiando para serlo","En algunos aspectos","Por la ideología actual","Por que se desaniman"
"2017/12/19 11:49:32 a. m. CET","17","Hombre","Bachillerato/Grado Medio","","","","","Ingeniería ( Informática, Telecomunicaciones, Industriales, Aeroespacial...)","Porque realmente te gusta;Porque tiene salidas profesionales;Porque se paga bien","","Matemáticas;Educación Física;Dibujo","Lengua Castellana y Literatura;Idiomas","","","","","","","Es un buen trabajo, el cual tienes muchas salidas y aparte es un trabajo muy interesante para mi gusto.","En lo que me cuentan conocidos/as/familiares que lo son;Porque lo soy o estoy estudiando para serlo","No","Cada uno es libre de hacer lo que quiera ","Yo creo que esto se debe a que antes no había tantas mujeres estudiando y poco a poco parece que se ha orientado las carreras técnicas a los hombre o que ese campo es mas para hombre, cosa que a mi parecer no es así."
"2017/12/19 11:52:57 a. m. CET","14","Hombre","Secundaria (ESO)","","","","","Ingeniería ( Informática, Telecomunicaciones, Industriales, Aeroespacial...)","Porque realmente te gusta;Porque tiene salidas profesionales;Porque se paga bien","","Ciencias de la Naturaleza, Biología...;Ciencias Sociales, Historia, Filosofía...;Lengua Castellana y Literatura;Matemáticas;Física;Química","Dibujo","","","","","","","Que son muy necesario","En lo que veo en películas, series, televisión, libros...","Si","Porque siempre se las menosprecia","Por el machismo que hay"
"2017/12/19 11:53:12 a. m. CET","14","Hombre","Secundaria (ESO)","","","","","Ingeniería ( Informática, Telecomunicaciones, Industriales, Aeroespacial...)","Porque realmente te gusta;Porque tiene salidas profesionales;Porque se paga bien","","Ciencias de la Naturaleza, Biología...;Ciencias Sociales, Historia, Filosofía...;Lengua Castellana y Literatura;Matemáticas;Física;Química","Dibujo","","","","","","","Que son muy necesario","En lo que veo en películas, series, televisión, libros...","Si","Porque siempre se las menosprecia","Por el machismo que hay"
"2017/12/19 11:57:52 a. m. CET","14","Hombre","Secundaria (ESO)","","","","","Ciencias de la salud ( Enfermería, Medicina, Odontología...)","Porque realmente te gusta","","Ciencias de la Naturaleza, Biología...","Matemáticas","","","","","","","Gente lista en una profesión dificil","En lo que veo en películas, series, televisión, libros...","No","Si realmente te gusta no tiene por que influirte","Por el estereotipo de que esos tipos de trabajos son para hombres"
"2017/12/19 12:03:13 p. m. CET","14","Hombre","Secundaria (ESO)","","","","","Ciencias de la salud ( Enfermería, Medicina, Odontología...)","Porque realmente te gusta","","Ciencias de la Naturaleza, Biología...;Ciencias Sociales, Historia, Filosofía...;Educación Física;Física;Química","Idiomas;Dibujo","","","","","","","Q son unos fieras","En lo que veo en películas, series, televisión, libros...","No","Porq son libre","No lo a"
"2017/12/19 12:03:13 p. m. CET","14","Hombre","Secundaria (ESO)","","","","","Ciencias de la salud ( Enfermería, Medicina, Odontología...)","Porque realmente te gusta","","Ciencias de la Naturaleza, Biología...;Ciencias Sociales, Historia, Filosofía...;Educación Física;Física;Química","Idiomas;Dibujo","","","","","","","Q son unos fieras","En lo que veo en películas, series, televisión, libros...","No","Porq son libre","No lo a"
"2017/12/19 12:08:08 p. m. CET","14","Mujer","Secundaria (ESO)","","","","","Ingeniería ( Informática, Telecomunicaciones, Industriales, Aeroespacial...)","Porque realmente te gusta","","Matemáticas","Ciencias Sociales, Historia, Filosofía...","","","","","","","Que es un trabajo común ahora","Porque lo soy o estoy estudiando para serlo","No","Hay bastantes mujeres informáticas","Porque se suelen ir mas por ciencias"
"2017/12/19 12:15:04 p. m. CET","14","Hombre","Secundaria (ESO)","","","","","Ingieneria agronoma","Porque realmente te gusta","","Ciencias de la Naturaleza, Biología...","Matemáticas;Idiomas","","","","","","","Q es una carrera muy difícil ","En lo que veo en películas, series, televisión, libros...","Si","Porque vivimos en una sociedad machista","Por lo de arriba"
"2017/12/19 12:21:35 p. m. CET","14","Mujer","Secundaria (ESO)","","","","","Ciencias ( Física, Matemáticas, Biología, Qíimica...)","Porque tiene salidas profesionales","","Matemáticas;Idiomas;Música","Física;Química","","","","","","","Yo opino que son bastante inteligentes","En lo que me cuentan conocidos/as/familiares que lo son","No","Porque si a ellas no les gusta la carrera no la van a seguir","Si"
"2017/12/19 12:27:02 p. m. CET","14","Mujer","Secundaria (ESO)","","","","","Ciencias de la salud ( Enfermería, Medicina, Odontología...)","Porque realmente te gusta","","Ciencias de la Naturaleza, Biología...","Idiomas","","","","","","","Que son gente inteligente","En lo que veo en películas, series, televisión, libros...","No","Porque ya no se nos anima a estudiar lo mismo que a los hombres","Porque no suelen gustar mas otras cosas"
"2017/12/19 12:30:22 p. m. CET","14","Mujer","Secundaria (ESO)","","","","","Humanidades (Filosofía, Periodismo, Derecho, Magisterio...)","Porque realmente te gusta","Las mates no se me dan bien","Lengua Castellana y Literatura","Matemáticas","","","","","","","Que tienen un trabajo muy cualificado","En lo que me cuentan conocidos/as/familiares que lo son","No","Las mujeres pueden estudiar lo mismo","Porque aun el mundo es muy machista"
"2017/12/19 12:34:21 p. m. CET","18","Mujer","Bachillerato/Grado Medio","","","","","Ingeniería ( Informática, Telecomunicaciones, Industriales, Aeroespacial...)","Porque se paga bien","","Matemáticas;Dibujo","Ciencias de la Naturaleza, Biología...;Ciencias Sociales, Historia, Filosofía...;Idiomas","","","","","","","Son inteligentes","En lo que me cuentan conocidos/as/familiares que lo son","Si","Porque dicen que no se nos da bien","Porque aun no ganan lo mismo hombres y mujeres"
"2017/12/19 12:34:21 p. m. CET","18","Mujer","Bachillerato/Grado Medio","","","","","Ingeniería ( Informática, Telecomunicaciones, Industriales, Aeroespacial...)","Porque se paga bien","","Matemáticas;Dibujo","Ciencias de la Naturaleza, Biología...;Ciencias Sociales, Historia, Filosofía...;Idiomas","","","","","","","Son inteligentes","En lo que me cuentan conocidos/as/familiares que lo son","Si","Porque dicen que no se nos da bien","Porque aun no ganan lo mismo hombres y mujeres"
"2017/12/19 12:36:48 p. m. CET","17","Hombre","Bachillerato/Grado Medio","","","","","Ingeniería ( Informática, Telecomunicaciones, Industriales, Aeroespacial...)","Porque tiene salidas profesionales","","Matemáticas;Educación Física","Dibujo","","","","","","","Son muy listos y útiles","En lo que me cuentan conocidos/as/familiares que lo son","Si","Debido a que desde pequeñas la inculcan otros pensamientos como si fuera diferente en ellas","Por todo en general ,la sociedad sobre todo
"
"2017/12/19 12:40:58 p. m. CET","17","Mujer","Bachillerato/Grado Medio","","","","","Ingeniería ( Informática, Telecomunicaciones, Industriales, Aeroespacial...)","Porque realmente te gusta","","Física","Ciencias Sociales, Historia, Filosofía...","","","","","","","Personas muy cualificadas con una labor importante","En lo que me cuentan conocidos/as/familiares que lo son","Si","Porque desde pequeños a los niños se les dice que es lo más idóneo según su sexo","Por la educación y la sociedad que enseña a las mujeres a dedicarse a actividades sociales"
"2017/12/19 12:48:03 p. m. CET","17","Hombre","Bachillerato/Grado Medio","","","","","Ingeniería ( Informática, Telecomunicaciones, Industriales, Aeroespacial...)","Porque realmente te gusta;Porque se paga bien","","Matemáticas;Dibujo","Ciencias Sociales, Historia, Filosofía...;Idiomas","","","","","","","Opino que es un buen trabajo mas ameno que otros de oficina o similares","En lo que me cuentan conocidos/as/familiares que lo son","No me gustaria generalizar pero en parte si ya que ahora mismo se identifican las carreras con el sexo","Creo que es por la tardanza de la escolarización en la mujer y la idea que se tenia de que era inferior","Porque no se suelen relacionar con trabajos de investigación sino con algunos de cara al publico"
"2017/12/19 12:52:17 p. m. CET","14","Mujer","Secundaria (ESO)","","","","","Humanidades (Filosofía, Periodismo, Derecho, Magisterio...)","Porque realmente te gusta","Por que se me dan mal las mates","Lengua Castellana y Literatura;Idiomas","Matemáticas","","","","","","","Que deben ser muy listos","En lo que me cuentan conocidos/as/familiares que lo son","Si","Por que hoy día las mujeres se piensa que no están tan capacitadas a estudiar mates que los hombres","Por la desigualdad"
"2017/12/19 12:57:39 p. m. CET","15","Mujer","Secundaria (ESO)","","","","","Humanidades (Filosofía, Periodismo, Derecho, Magisterio...)","Porque realmente te gusta","Porque no me gustan las matemáticas y soy nefasta","Lengua Castellana y Literatura;Idiomas","Matemáticas;Física;Química","","","","","","","Debes tener gran capacidad intelectual","En lo que veo en películas, series, televisión, libros...;En lo que me cuentan conocidos/as/familiares que lo son","Si","Porque el patriarcado designa a las mujeres a realizar trabajos mas fáciles ya que se piensa que no somos capaces de realizar lo que ellos","Porque desde pequeñas nos educan para estudiar mas trabajos sociales o dedicados hacia los demás por el hecho de ser mujeres"
"2017/12/19 1:05:16 p. m. CET","14","Mujer","Secundaria (ESO)","","","","","Ciencias de la salud ( Enfermería, Medicina, Odontología...)","Porque realmente te gusta","","Ciencias de la Naturaleza, Biología...;Ciencias Sociales, Historia, Filosofía...;Idiomas;Educación Física","Matemáticas;Química","","","","","","","Son inteligentes","Me han hablado de ello","No","Porque creo que tienen el mismo derecho a hacer estas carreras","Por el machismo"
"2017/12/19 1:12:17 p. m. CET","14","Mujer","Secundaria (ESO)","","","","","Humanidades (Filosofía, Periodismo, Derecho, Magisterio...)","Porque realmente te gusta","Porque nunca se me ha dado bien. ","Ciencias de la Naturaleza, Biología...;Ciencias Sociales, Historia, Filosofía...;Idiomas","Matemáticas;Física;Química","","","","","","","Son personas inteligentes. ","En lo que veo en películas, series, televisión, libros...","Si","Porque aunque una parte de la sociedad lo niegue, el machismo sigue presente y la capacidad de las mujeres suele ser subestimada.  ","No entiendo por qué, ya que nosotras al igual que los hombres también tenemos capacidad. "
"2017/12/19 1:24:25 p. m. CET","14","Hombre","Secundaria (ESO)","","","","","Ingeniería ( Informática, Telecomunicaciones, Industriales, Aeroespacial...)","Porque realmente te gusta","","Ciencias de la Naturaleza, Biología...;Matemáticas","Matemáticas","","","","","","","Creo que son necesarios para arreglar los ordenadores etc","En lo que veo en películas, series, televisión, libros...","Si","Creo que si porque hay mucha gente que es machista y no han ""evolucionado"" y piensan como las personas de los siglos pasados ","Porque en el pasado no les dejaban hacer este tipo de trabajos "
"2017/12/19 1:26:56 p. m. CET","14","Hombre","Secundaria (ESO)","","","","","Ciencias ( Física, Matemáticas, Biología, Qíimica...)","Porque realmente te gusta;Porque se paga bien","Pq no me llama la atención","Ciencias de la Naturaleza, Biología...;Matemáticas;Educación Física;Física;Química","Ciencias Sociales, Historia, Filosofía...;Dibujo;Frances","","","","","","","K son buenas persons  y alliudan ala people","En lo que veo en películas, series, televisión, libros...","Si","Pq la people es tonta","Porque si"
"2017/12/19 1:31:27 p. m. CET","15","Hombre","Secundaria (ESO)","","","","","Dependiente burguer king","No me va a llegar para mas ","Es muy dificil","Educación Física","Matemáticas","","","","","","","Genios","En lo que me cuentan conocidos/as/familiares que lo son","No","No lo creo asi","No se"
"2017/12/19 1:31:27 p. m. CET","15","Hombre","Secundaria (ESO)","","","","","Dependiente burguer king","No me va a llegar para mas ","Es muy dificil","Educación Física","Matemáticas","","","","","","","Genios","En lo que me cuentan conocidos/as/familiares que lo son","No","No lo creo asi","No se"
"2017/12/19 1:37:21 p. m. CET","15","Hombre","Secundaria (ESO)","","","","","Seguridad (Bombero/a, Policía, Guardia Civil...)","Porque realmente te gusta;Porque tiene salidas profesionales;Porque se paga bien","","Ciencias Sociales, Historia, Filosofía...;Matemáticas;Idiomas","Física;Química","","","","","","","Son gente muy amable y que se esfuerza ","En lo que me cuentan conocidos/as/familiares que lo son","No","Porque todos solos válidos para cualquier carrera","Porque antiguamente las ingenierías no estaban bien vistas para las mujeres"
"2017/12/19 1:41:03 p. m. CET","15","Mujer","Secundaria (ESO)","","","","","Ciencias ( Física, Matemáticas, Biología, Qíimica...)","Porque realmente te gusta;Porque se paga bien","","Matemáticas;Idiomas","Ciencias Sociales, Historia, Filosofía...","","","","","","","Que gracias a ellos podemos obtener mas avances en la tecnología","En lo que me cuentan conocidos/as/familiares que lo son","Si","Porque normalmente solemos asociar a las chicas a dibujo, baile.. Mientras que a los chicos se les asocia con matemáticos o físicos importantes","Porque desde pequeñas lo hemos visto"
"2017/12/19 1:46:06 p. m. CET","15","Hombre","Secundaria (ESO)","","","","","Ingeniería ( Informática, Telecomunicaciones, Industriales, Aeroespacial...)","Porque realmente te gusta","","Matemáticas;Educación Física;Física;Química","Ciencias de la Naturaleza, Biología...;Idiomas","","","","","","","Me parece un trabajo muy difícil pero me gustaria estudiarlo porque me gustan mucho los ordenadores y las maquinitas.","Porque lo soy o estoy estudiando para serlo","No","Porque todos tenemos los mismos derechos.","Porque a los hombres se les suele dar mejor ese tipo de carreras."
"2017/12/19 1:49:58 p. m. CET","15","Hombre","Secundaria (ESO)","","","","","Ingeniería ( Informática, Telecomunicaciones, Industriales, Aeroespacial...)","Porque realmente te gusta","","Matemáticas;Educación Física","Ciencias de la Naturaleza, Biología...","","","","","","","Que lo que hacen es complicado pero que me gustaría hacerlo","En lo que me cuentan conocidos/as/familiares que lo son","No","Yo creo que todo el mundo lo puede hacer","Porque se decantan por otros trabajos"
"2017/12/19 1:58:59 p. m. CET","15","Hombre","Secundaria (ESO)","","","","","Ingeniería ( Informática, Telecomunicaciones, Industriales, Aeroespacial...)","Porque realmente te gusta;Porque tiene salidas profesionales","","Matemáticas;Educación Física","Química","","","","","","","Puesto que es lo que quiero estudiar, me parecen algo vital para la sociedad hoy en día... Si no sabes lo mínimo de informática, vas muy perdido...","En lo que me cuentan conocidos/as/familiares que lo son;Vivencias personales","Si","Aunque va siendo un poco mas comun, no deja de ser raro que una mujer se interese por la informatica. Creo que en parte por los valores que se inculcan de pequeñas en su mayoría","No lo se, la verdad..."
"2017/12/19 1:59:22 p. m. CET","15","Hombre","Secundaria (ESO)","","","","","Ingeniería ( Informática, Telecomunicaciones, Industriales, Aeroespacial...)","Porque realmente te gusta;Porque tiene salidas profesionales","","Matemáticas;Educación Física","Química","","","","","","","Puesto que es lo que quiero estudiar, me parecen algo vital para la sociedad hoy en día... Si no sabes lo mínimo de informática, vas muy perdido...","En lo que me cuentan conocidos/as/familiares que lo son;Vivencias personales","Si","Aunque va siendo un poco mas comun, no deja de ser raro que una mujer se interese por la informatica. Creo que en parte por los valores que se inculcan de pequeñas en su mayoría","No lo se, la verdad..."
"2017/12/19 2:02:51 p. m. CET","15","Hombre","Secundaria (ESO)","","","","","Seguridad (Bombero/a, Policía, Guardia Civil...)","Porque realmente te gusta","No me llama la atención","Ciencias de la Naturaleza, Biología...","Idiomas","","","","","","","Muy interesantes y practicas ","En lo que me cuentan conocidos/as/familiares que lo son","No","La sociedad lo acepta igual, sea un hombre o na mujer tmb es verdad q suele haber mas hombres q mujeres en esta profesión pero no se les desanima","Cuestión de gustos"
"2017/12/19 2:08:57 p. m. CET","15","Hombre","Secundaria (ESO)","","","","","Ingeniería ( Informática, Telecomunicaciones, Industriales, Aeroespacial...)","Porque realmente te gusta","","Educación Física","Matemáticas","","","","","","","Que es una buena opción para elegir","Porque lo soy o estoy estudiando para serlo","Si","Hay machismo ","Porque no se confía en las mujeres para esos trabajos por machismo"
"2017/12/19 2:12:25 p. m. CET","15","Hombre","Secundaria (ESO)","","","","","Ingeniería ( Informática, Telecomunicaciones, Industriales, Aeroespacial...)","Porque realmente te gusta","","Ciencias de la Naturaleza, Biología...","Matemáticas","","","","","","","Es un trabajo importante en la sociedad actual","En lo que me cuentan conocidos/as/familiares que lo son","Si","Porque vivimos en una sociedad machista","Porque no les interesa la ingenieria"
"2017/12/19 2:18:51 p. m. CET","15","Hombre","Secundaria (ESO)","","","","","Técnicos profesionales (Industria, Nutrición, Turismo, Imagen y sonido, Electricidad...)","Porque realmente te gusta","Quiero estudiar algo de informática ","Matemáticas;Educación Física","Ciencias de la Naturaleza, Biología...;Ciencias Sociales, Historia, Filosofía...;Lengua Castellana y Literatura;Idiomas","","","","","","","Me gustan","Porque lo soy o estoy estudiando para serlo","Si","Por que si les gusta hacer algo están en su derecho a hacerlo","No se"
"2017/12/19 2:23:52 p. m. CET","15","Mujer","Secundaria (ESO)","","","","","Ingeniería ( Informática, Telecomunicaciones, Industriales, Aeroespacial...)","Porque realmente te gusta","","Matemáticas","Ciencias de la Naturaleza, Biología...;Matemáticas;Física;Química","","","","","","","Son personas que se dedican a ello porque realmente les gusta","En lo que me cuentan conocidos/as/familiares que lo son","No","Lo único que veo es que los chicos se promocionan más","No lo sé"
"2017/12/19 4:44:06 p. m. CET","21","Hombre","Carrera universitaria/ Grado superior","","","","","","","","","","Carrera","Ingeniería y Arquitectura","Porque es lo que me gusta","Sí","Si","","Trabajo muy laborioso pero muy recompensado si realmente se disfruta.","Porque lo soy o estoy estudiando para serlo","Si","De forma indirecta, este tipo de opciones suele venderse más como una opción de hombres.","Más allá del ámbito académico, creo que siempre se enfoca a las mujeres en temas de interacción social o en puestos donde se requiere una alta empatía o comunicación con el cliente (o simplemente otra persona). Esto choca con el perfil técnico de un informático que suele trabajar en un equipo dentro de una empresa sin dar cara al público. No pienso que sea un condicionante clave a la hora de determinar si una mujer estudia o no una ingeniería, pero si un factor influyente en cierta medida que afecta a lo largo de la educación de la misma."
"2017/12/20 9:28:16 a. m. CET","19","Hombre","Bachillerato/Grado Medio","","","","","Técnicos profesionales (Industria, Nutrición, Turismo, Imagen y sonido, Electricidad...)","Porque tiene salidas profesionales","No me veo capacitado para ello","Dibujo","Ciencias Sociales, Historia, Filosofía...","","","","","","","Son personas que nos pueden ayudar con cualquier problema que tengamos con cualquier ordenador","En lo que me cuentan conocidos/as/familiares que lo son","Si","Porque no quieren que haya mujeres trabajando en ello","Porque querrían que sólo haya hombres"
"2017/12/20 9:32:40 a. m. CET","16","Mujer","Secundaria (ESO)","","","","","Técnicos profesionales (Industria, Nutrición, Turismo, Imagen y sonido, Electricidad...)","Porque realmente te gusta","Porque no es lo que me gusta y me llama la atención","Lengua Castellana y Literatura;Matemáticas;Física;Química;Música","Ciencias Sociales, Historia, Filosofía...","","","","","","","Que molan mucho porque es algo complicado","En lo que veo en películas, series, televisión, libros...;En lo que me cuentan conocidos/as/familiares que lo son","Si","Porque no animan mucho ","Porque no somos tan bien admitidaa"
"2017/12/20 9:35:07 a. m. CET","17","Hombre","Secundaria (ESO)","","","","","Artes (Bellas Artes, Diseño Gráfico, Cine, Teatro, Arquitectura...)","Porque tiene salidas profesionales","","Música","Matemáticas","","","","","","","Ni me va,ni me viene","En lo que veo en películas, series, televisión, libros...","No","Porque si","Porque nosotras parimos y nosotras decidimos"
"2017/12/20 9:40:53 a. m. CET","15","Mujer","Secundaria (ESO)","","","","","Ocio y tiempo libre","Es divertido","Me parece aburrido","Lengua Castellana y Literatura;Educación Física","Ciencias Sociales, Historia, Filosofía...;Idiomas;Física;Química","","","","","","","Otros cualquiera","Nada","No","Aunque desanimen si te gusta lo haces","Nose"
"2017/12/20 9:44:01 a. m. CET","15","Hombre","Secundaria (ESO)","","","","","Automocion","Porque realmente te gusta","Porque prefiero automocion","Ciencias Sociales, Historia, Filosofía...;Lengua Castellana y Literatura;Educación Física;Música","Lengua Castellana y Literatura;Matemáticas;Física;Química","","","","","","","Que trabajan bien","En lo que me cuentan conocidos/as/familiares que lo son","No","Porque si te gusta algo lo sigues intentando","Porque hay jefes muy machistas "
"2017/12/20 9:51:49 a. m. CET","17","Mujer","Bachillerato/Grado Medio","","","","","Ciencias de la salud ( Enfermería, Medicina, Odontología...)","Porque realmente te gusta","","Ciencias de la Naturaleza, Biología...;Matemáticas","Ciencias Sociales, Historia, Filosofía...;Idiomas","","","","","","","Me parecen bastante importantes hoy en día puesto que estamos rodeados de tecnología","En lo que me cuentan conocidos/as/familiares que lo son","Si","Porque la mayoría de las mujeres se encuentran bajo presión de estudiar carreras de letras o la biología ","Por la falta de visibilidad de esas carreras ante las mujeres y la presión de la sociedad y los hombres cuando se estudia "
"2017/12/20 9:58:24 a. m. CET","17","Hombre","Bachillerato/Grado Medio","","","","","Ciencias de la salud ( Enfermería, Medicina, Odontología...)","Porque realmente te gusta","","Ciencias de la Naturaleza, Biología...;Idiomas;Química","Ciencias Sociales, Historia, Filosofía...;Lengua Castellana y Literatura","","","","","","","Que son importantes respecto al futuro ya que la informática va a controlar todo","En lo que me cuentan conocidos/as/familiares que lo son","Si","Porque desde temprana edad ya con los juguetes se diferencian lo q va a ""estudiar"" cada niño/a ","Porque la sociedad en la q vivimos nos lleva a pensar que los hombres debemos hacervlas carreras técnicas(ingeniería) y las mujeres las biológicas (medicina)"
"2017/12/20 9:58:25 a. m. CET","17","Hombre","Bachillerato/Grado Medio","","","","","Ciencias de la salud ( Enfermería, Medicina, Odontología...)","Porque realmente te gusta","","Ciencias de la Naturaleza, Biología...;Idiomas;Química","Ciencias Sociales, Historia, Filosofía...;Lengua Castellana y Literatura","","","","","","","Que son importantes respecto al futuro ya que la informática va a controlar todo","En lo que me cuentan conocidos/as/familiares que lo son","Si","Porque desde temprana edad ya con los juguetes se diferencian lo q va a ""estudiar"" cada niño/a ","Porque la sociedad en la q vivimos nos lleva a pensar que los hombres debemos hacervlas carreras técnicas(ingeniería) y las mujeres las biológicas (medicina)"
"2017/12/20 10:02:32 a. m. CET","17","Hombre","Bachillerato/Grado Medio","","","","","Ciencias de la salud ( Enfermería, Medicina, Odontología...)","Porque realmente te gusta;Porque tiene salidas profesionales","","Lengua Castellana y Literatura;Matemáticas","Ciencias de la Naturaleza, Biología...;Ciencias Sociales, Historia, Filosofía...;Química","","","","","","","Son necesarios para actualizar y mejorar la tecnología","En lo que me cuentan conocidos/as/familiares que lo son","No","Porque no les gustará","Porque nos les gusta"
"2017/12/20 10:05:52 a. m. CET","17","Hombre","Bachillerato/Grado Medio","","","","","Ingeniería ( Informática, Telecomunicaciones, Industriales, Aeroespacial...)","Porque realmente te gusta","","Ciencias de la Naturaleza, Biología...;Lengua Castellana y Literatura;Educación Física;Química","Ciencias Sociales, Historia, Filosofía...","","","","","","","Son personas que mejoran nuestra comprensión de las nuevas tecnologías y nos ayudan a comprender cosas de las mismas las cuales no conocemos","En lo que me cuentan conocidos/as/familiares que lo son","No","Porque todo el mundo debe estudiar realmente lo que le guste ","Porque la mayoría de las mujeres eligen la rama de las ciencias de la salud"
"2017/12/20 10:18:17 a. m. CET","17","Hombre","Bachillerato/Grado Medio","","","","","Ciencias de la salud ( Enfermería, Medicina, Odontología...)","Porque realmente te gusta","","Ciencias de la Naturaleza, Biología...","Idiomas","","","","","","","Que son personas muy originales y creativas","En lo que veo en películas, series, televisión, libros...","No","Por que yo no lo veo así, no me ha pasado un caso real para creerlo","Suelen tirar mas por carreras de sanidad"
"2017/12/20 10:25:33 a. m. CET","17","Hombre","Secundaria (ESO)","","","","","Seguridad (Bombero/a, Policía, Guardia Civil...)","Porque realmente te gusta","","Educación Física","Ciencias de la Naturaleza, Biología...;Ciencias Sociales, Historia, Filosofía...;Lengua Castellana y Literatura;Idiomas;Física;Química","","","","","","","Que es muy interesante","En lo que me cuentan conocidos/as/familiares que lo son","No","Por que todos son libres de estudiar lo que quieran ","Por que les gusta menos"
"2017/12/20 10:32:09 a. m. CET","14","Hombre","Secundaria (ESO)","","","","","Humanidades (Filosofía, Periodismo, Derecho, Magisterio...)","Porque tiene salidas profesionales","","Ciencias Sociales, Historia, Filosofía...;Educación Física","Matemáticas","","","","","","","Son unos fieras
","En lo que me cuentan conocidos/as/familiares que lo son","No","Si te gusta el trabajo","No se"
"2017/12/20 10:35:51 a. m. CET","14","Hombre","Secundaria (ESO)","","","","","Artes (Bellas Artes, Diseño Gráfico, Cine, Teatro, Arquitectura...)","Porque tiene salidas profesionales;Porque se paga bien","No me atraen","Educación Física;Música;Dibujo","Lengua Castellana y Literatura;Idiomas","","","","","","","Son bastante inteligentes","En lo que me cuentan conocidos/as/familiares que lo son","No","Porque todos tenemos los mismos derechos","Porque las discriminan en todos los sentidos"
"2017/12/20 10:39:40 a. m. CET","14","Mujer","Secundaria (ESO)","","","","","Ciencias de la salud ( Enfermería, Medicina, Odontología...)","Porque realmente te gusta","Porque no le gusta
","Matemáticas","Educación Física","","","","","","","Son muy muy inteligentes","En lo que veo en películas, series, televisión, libros...","Si","Porque se cree que son inferiores","Porque lo mismo se cree que son inferiores "
"2017/12/20 10:41:44 a. m. CET","14","Mujer","Secundaria (ESO)","","","","","Ciencias ( Física, Matemáticas, Biología, Qíimica...)","Porque realmente te gusta","","Ciencias de la Naturaleza, Biología...","Física","","","","","","","Son muy majos
","En lo que me cuentan conocidos/as/familiares que lo son","No","Yo creo que cada mujer sabe lo que vale y no se deja influenciar","Porque las dan menos oportunidadws"
"2017/12/20 10:46:17 a. m. CET","14","Mujer","Secundaria (ESO)","","","","","Humanidades (Filosofía, Periodismo, Derecho, Magisterio...)","Porque realmente te gusta","Soy mala en matemáticas","Ciencias de la Naturaleza, Biología...;Ciencias Sociales, Historia, Filosofía...;Lengua Castellana y Literatura;Idiomas;Música;Dibujo","Matemáticas;Física;Química","","","","","","","Que son unas personas muy inteligentes","En lo que me cuentan conocidos/as/familiares que lo son","Si","Por que se dice que las mujeres tienen menos capacidad","Por que se las anima menos"
"2017/12/20 10:51:42 a. m. CET","14","Mujer","Secundaria (ESO)","","","","","Ciencias de la salud ( Enfermería, Medicina, Odontología...)","Porque realmente te gusta","","Ciencias de la Naturaleza, Biología...;Matemáticas;Idiomas","Ciencias Sociales, Historia, Filosofía...","","","","","","","Que deben ser muy inteligentes","Porque lo soy o estoy estudiando para serlo","Si","Pues porque siempre como que las ingenierías se han relacionado mas con los hombres ","Porque a las mujeres les suele gustar mas otras cosas, pero depende"
"2017/12/20 10:54:17 a. m. CET","14","Mujer","Secundaria (ESO)","","","","","Humanidades (Filosofía, Periodismo, Derecho, Magisterio...)","Porque realmente te gusta","Porque no me atrae","Lengua Castellana y Literatura;Música","Matemáticas","","","","","","","Son inteligentes","En lo que veo en películas, series, televisión, libros...","No","Porque si tu quieres puedes servlo que quieras ","Porque no lea atrae tanto como q los hombres "
"2017/12/20 11:04:15 a. m. CET","17","Mujer","Bachillerato/Grado Medio","","","","","Ciencias sociales (Sociología, Economía, Ciencias Políticas, Psicología...)","Porque realmente te gusta;Porque tiene salidas profesionales","Me resulta una carrera bastante difícil y muy lejos de mi alcance. ","Ciencias Sociales, Historia, Filosofía...;Lengua Castellana y Literatura;Matemáticas;Educación Física;Música","Ciencias de la Naturaleza, Biología...;Idiomas;Física;Química;Economía","","","","","","","Personalmente no conozco a nadie que sea informatico. Igualmente me parecen personas un poco frikis pero no en el sentido discriminatorio. Yo me considero friki en algunos aspectos ","Me baso basicamente en algunos compañeros que quieres ser informaticos o simplemente en los profesores de informatica ","No","Simplemente no entiendo porque deberían de desanimarse ","No tengo respuesta. Tal vez simplemente nos guste menos. No tengo ni idea la verdad "
"2017/12/20 7:43:45 p. m. CET","25","Hombre","Carrera universitaria/ Grado superior","","","","","","","","","","Carrera","Ingeniería y Arquitectura","Porque es lo que me gusta","No","No","La mayoría de la gente no estudia o se dedica a lo que pensaba que iba a ser de mayor, en mi caso no tenía claro el día a día de la profesión a la que me quería dedicar; por otro lado, la experiencia una vez que accedía a la universidad para estudiar lo que quería de pequeño me dejó insatisfecho","Gente con poca conciencia social, preocupados de sus propios intereses y elitistas.","Porque lo soy o estoy estudiando para serlo","Si","Los mensajes estereotipados de los medios de comunicación son los principales responsables del mantenimiento de los roles heteropatriarcales de género, junto con pocos (visibles) referentes de mujeres informáticas.

A las mujeres no sólo se las desanima a entrar a la carrera, sino durante la misma y en la vida laboral, donde se encuentrar con un clima hostil.","Ver la respuesta anterior."
"2018/01/07 10:56:55 p. m. CET","21","Mujer","Carrera universitaria/ Grado superior","","","","","","","","","","Carrera","Ciencias","Porque es lo que me gusta","No","No","Me di cuenta que lo que me gustaba de pequeño no me gustaba en realidad y eleji otra cosa no entré a esa y entre a mi carrera la cual no había puesto la primera por miedo a que me saturara y me deprimiera pero todo lo contrario me encantó y he encontrado lo que quiero hacer ","Que la mayoría están en la carrera porque hay trabajo y no porque les guste lo que hace que la mayoría de la saqué en 6 años con calma. ","En lo que me cuentan conocidos/as/familiares que lo son","Si","Creo que es una cosa que empieza desde pequeñas siempre son los niños a los que se les regala las cosas más de ciencias y a las mujeres se las anima a ir más por la letras porque generalmente está mal visto que una chica sea más lista o se le den bien los números he escuchado muchos comentarios de seguro que saca 10 en mates porque le gusta al profesor en lugar de porque se le dé bien sin embargo de los chicos no se escucha eso lo que hace que poco a poco se vayan desanimando. ","Cómo he dicho antes porque se las desanima desde pequeñas y se les mete en la cabeza que tienen que dedicarse a cosas relacionadas con cuidados por eso hay tantas mujeres enfermeras médicas o profesoras y muchas simplemente pasan de seguir aguantando comentarios sobre qué si aprueban una asignatura es porque han hecho algo con el profesor. "
"2018/01/07 11:18:47 p. m. CET","24","Hombre","Carrera universitaria/ Grado superior","","","","","","","","","","Carrera","Ingeniería y Arquitectura","Porque es lo que me gusta","Sí","Si","","No son ingenieros de verdad","Porque no estudian las asignaturas comunes a las demás ingenierías","No","Porque eso es una chorrada","Porque les gustaran otras carreras más"
"2018/01/07 11:19:36 p. m. CET","21","Mujer","Carrera universitaria/ Grado superior","","","","","","","","","","Carrera","Ciencias","Por la nota de corte","No","No","Porque tenía poco futuro lo que quería hacer de pequeña ","Son profesionales muy en boga actualmente ","En lo que me cuentan conocidos/as/familiares que lo son","No","Porque creo que es un pensamiento antiguo y retrógrado como para que los jóvenes de hoy en día sigan haciendo caso a esos estereotipos","No lo sé "
"2018/01/07 11:35:26 p. m. CET","21","Mujer","Carrera universitaria/ Grado superior","","","","","","","","","","Carrera","Ciencias de la Salud","Porque es lo que me gusta;Por la nota de corte","No","No","Por circunstacias de la vida y cambios de opinión según iba creciendo","No conozco a ninguno personalmente por lo que no puedo opinar. Son personas como cualquier otra que se dedican a la informática por sus propias razones imagino.","En lo que veo en películas, series, televisión, libros...","No","Actualmente el papel de la mujer ha cambiado. Si bien es verdad que pueden dedicarse más los hombres a esta profesión, yo creo que ha aumentado el número de mujeres que la eligen por cuestión de preferencias, gustos, salida laboral...","Creo que es por cuestión de la sociedad. Siempre se han dedicado los hombres en su mayoría a este tipo de carreras por que les gustaba más, porque es un campo dominado por el sexo masculino, o porque una mujer ""debía dedicarse a estudiar otras cosas"" que ""iban"" más con ellas por el hecho de ser mujer. Actualmente esto está cambiando."
"2018/01/09 2:54:14 p. m. CET","9","Mujer","Primaria","Astronomía","Porque me gusta mucho el espacio","Matemáticas;Ingles","Ciencias de la Naturaleza;Lengua Castellana y Literatura","","","","","","","","","","","","Que es una profesión super difícil
","En lo que me cuentan conocidos/as/familiares que lo son","No","Creo que las oportunidades son iguales para todos","Porque les gustan menos"
"2018/01/09 2:59:31 p. m. CET","9","Hombre","Primaria","Técnicos profesionales (industria, nutrición, turismo, imagen y sonido, electricidad...)","Porque me gusta la mecánica","Matemáticas","Ciencias Sociales;Lengua Castellana y Literatura;Primera Lengua Extranjera","","","","","","","","","","","","Son necesarios, mi hermano lo es","Porque lo veo en mi hermano y nos soluciona los problemas de informáticaw","No","No lo veo en mi día a dia","Porque históricamente eran cosas de hombres"
"2018/01/09 6:18:32 p. m. CET","9","Mujer","Primaria","Artes (Bellas Artes, Diseño Gráfico, Cine, Teatro, Arquitectura...)","Porque hay pocas fotógrafas","Lengua Castellana y Literatura;Matemáticas","Ciencias de la Naturaleza","","","","","","","","","","","","Son necesarios en la sociedad de redes","En lo que me cuentan conocidos/as/familiares que lo son","Si","Nos solicitan más para carreras de humanidades","Nos solicitan más para carreras de humanidades"
"2018/01/09 8:52:57 p. m. CET","9","Hombre","Primaria","Artes (Bellas Artes, Diseño Gráfico, Cine, Teatro, Arquitectura...)","Me gusta inventar y diseñar","Educación Física","Ciencias de la Naturaleza","","","","","","","","","","","","Me gusta su trabajo porque estan trabajando con ordenadores","En lo que veo en películas, series, televisión, libros...","No","Porque a muchas chicastambien les gusta y hay muchas que creo que trabajan en ello","A la mayoría le gustaran otros trabajos"
"2018/01/09 8:53:07 p. m. CET","9","Hombre","Primaria","Artes (Bellas Artes, Diseño Gráfico, Cine, Teatro, Arquitectura...)","Me gusta inventar y diseñar","Educación Física","Ciencias de la Naturaleza","","","","","","","","","","","","Me gusta su trabajo porque estan trabajando con ordenadores","En lo que veo en películas, series, televisión, libros...","No","Porque a muchas chicastambien les gusta y hay muchas que creo que trabajan en ello","A la mayoría le gustaran otros trabajos"
"2018/01/09 9:08:57 p. m. CET","21","Mujer","Carrera universitaria/ Grado superior","","","","","","","","","","Carrera","Ciencias Sociales y Jurídicas","Porque tiene más oportunidades laborales","Sí","No","No sabía de la existencia de esta carrera","Son impresionantes, me fascina su trabajo y me resulta sumamente complicado","En lo que me cuentan conocidos/as/familiares que lo son","Si","Por considerar que es una rama masculina ","Mas discriminacion en el trabajo en estas ramas, mayor dificultad de acceso puesto que se trata de un mundo dominado por hombres "
"2018/01/09 9:14:37 p. m. CET","20","Hombre","Carrera universitaria/ Grado superior","","","","","","","","","","Carrera","Ciencias Sociales y Jurídicas","Porque es lo que me gusta;Por influencias familiares","Sí","No","De pequeño quería ser ingeniero informático o desarrollador de videojuegos, pero me sí cuenta de que no era para mí.","Me gusta su trabajo y creo que es muy útil actualmente.","En lo que me cuentan conocidos/as/familiares que lo son","Si","Quizás los productos culturales (como el cine, la literatura,etc.) muestran un rol de la mujer alejada de las carreras técnicas y por ello las jóvenes pueden concebir esto como normal y decidir estudiar una carrera de ""letras"".","Por lo expuesto arriba."
"2018/01/09 9:19:04 p. m. CET","21","Mujer","Carrera universitaria/ Grado superior","","","","","","","","","","Carrera","Ciencias Sociales y Jurídicas","Por la nota de corte","No","No","Porque quería ser criminologa","No tengo una opinión fundamentada al respecto ","Sería generalizar ","Si","Por el patriarcado y la segregación laboral existente en función del sector ","Por razones culturales que predominan en nuestro día a día "
"2018/01/09 9:20:47 p. m. CET","9","Mujer","Primaria","Ciencias de la salud ( Enfermería, Medicina, Odontología...)","Me gusta ayudar a los demás ","Ciencias de la Naturaleza","Matemáticas","","","","","","","","","","","","Son importantes ","En lo que me cuentan conocidos/as/familiares que lo son","No","Nos educan por igual ","Son más aburridss"
"2018/01/09 9:24:57 p. m. CET","20","Mujer","Carrera universitaria/ Grado superior","","","","","","","","","","Carrera","Humanidades","Porque tiene más oportunidades laborales;Porque es lo que me gusta","Sí","Si","","Son necesarios porque mucha gente tiene ordenadores pero poca gente sabe sacarle el máximo partido. ","En lo que me cuentan conocidos/as/familiares que lo son","Si","Por la ideología que existe de que hay trabajos adecuados para hombre y otros para mujeres. Por ello, se entiende que las mujeres utilizan los ordenadores de la manera más básica. ","De igual manera, por la idea de que al igual que hay trabajos hay carreras que son para hombres y otros para mujeres. Es algo que se debería cambiar, porque es necesario tener en cuenta únicamente las capacidades de cada sujeto y sus gusto y no cual es el sexo de la persona. "
"2018/01/09 9:29:15 p. m. CET","9","Hombre","Primaria","Ingeniería ( Informática, Telecomunicaciones, Industriales, Aeroespacial...)","Por que tengo mucha imaginación y me gusta mucho el espacio","Ciencias Sociales","Art","","","","","","","","","","","","Que estan todo el rato con el ordenador","En lo que veo en películas, series, televisión, libros...","Si","Da igual que sean chicas o chicas.Todos pueden hacer todo ","Por que les guste menos"
"2018/01/09 9:30:37 p. m. CET","20","Mujer","Carrera universitaria/ Grado superior","","","","","","","","","","Carrera","Ciencias Sociales y Jurídicas","Porque tiene más oportunidades laborales;Por influencias familiares","Sí","Si","","Necesarios hoy en día ","En lo que veo en películas, series, televisión, libros...","Si","Es un nicho de mercado en el que predominan los varones","Las mujeres se encuentran principalmente en el sector servicios "
"2018/01/09 10:02:08 p. m. CET","20","Mujer","Carrera universitaria/ Grado superior","","","","","","","","","","Carrera","Ciencias Sociales y Jurídicas","Porque tiene más oportunidades laborales","Sí","No","Es difícil ser astronauta","Que saben manejar los ordenadores ","En lo que veo en películas, series, televisión, libros...","Si","Porque parece que hay que seguir los patrones comunes y una mujer en carretas técnicas no es lo normal, creo que la prueba se encuentra en las clases de la universidad de estas facultades ","Por el global de la sociedad"
"2018/01/10 8:00:53 a. m. CET","9","Mujer","Primaria","Humanidades ( Filosofía, Periodismo, Derecho, Magisterio...)","Me gusta","Lengua Castellana y Literatura;Matemáticas","Ciencias de la Naturaleza;Ciencias Sociales","","","","","","","","","","","","Interesante","En lo que me cuentan conocidos/as/familiares que lo son","No","Están igual","Van para otras"
"2018/01/10 8:56:39 a. m. CET","20","Mujer","Carrera universitaria/ Grado superior","","","","","","","","","","Carrera","Ciencias Sociales y Jurídicas","Porque tiene más oportunidades laborales","Sí","No","De pequeña queria ser actriz y no me dejaron","Son personas muy inteligentes y con un  gran futuro por delante","En lo que me cuentan conocidos/as/familiares que lo son","Si","Por los perjuicido sociales y porque en nuestra cultura no esta bien visto","Porque las carreras tecnicas siempre se han asociado a los hombres"
"2018/01/10 9:40:45 a. m. CET","7","Hombre","Primaria","Deporte","Por que le gusta mucho","Educación Física","Primera Lengua Extranjera","","","","","","","","","","","","Que es un trabajo complejo","En lo que veo en películas, series, televisión, libros...","No","Por las guste menos","Por que las guste menos"
"2018/01/10 9:58:04 a. m. CET","35","Hombre","Primaria","Seguridad (Bombero/a, Policía, Guardia Civil...)","Sueldo","Ciencias Sociales","Matemáticas","","","","","","","","","","","","Son buena gente","Porque lo soy o estoy estudiando para serlo","No","No lo creo","Prefieren otras profesiones"
"2018/01/10 10:10:06 a. m. CET","30","Mujer","Carrera universitaria/ Grado superior","","","","","","","","","","Grado superior","Ciencias de la Salud","Porque es lo que me gusta","Sí","No","De pequeño no tienes aún las ideas claras","Hoy en día son necesarios en cualquier empresa","En lo que me cuentan conocidos/as/familiares que lo son","No","En mi opinión el género no influye para nada","¿ Por qué crees que hay menos hombres en las carreras de ciencias?"
"2018/01/10 11:54:40 a. m. CET","16","Mujer","Secundaria (ESO)","","","","","Ciencias sociales (Sociología, Economía, Ciencias Políticas, Psicología...)","Porque realmente te gusta","no me gusta","Ciencias Sociales, Historia, Filosofía...;Matemáticas","Ciencias de la Naturaleza, Biología...;Física;Química","","","","","","","muy listos","En lo que veo en películas, series, televisión, libros...","No","cada uno estudia lo que le gusta normalmente","no lo creo"
"2018/01/10 11:54:42 a. m. CET","15","Hombre","Secundaria (ESO)","","","","","Ingeniería ( Informática, Telecomunicaciones, Industriales, Aeroespacial...)","Porque realmente te gusta","","Ciencias de la Naturaleza, Biología...","Lengua Castellana y Literatura","","","","","","","Que hacen el trabajo sucio que no se valora","Porque lo soy o estoy estudiando para serlo","No","Pueden hacerlo si quieres","porque hay micro machismos"
"2018/01/10 11:55:00 a. m. CET","15","Hombre","Secundaria (ESO)","","","","","Ingeniería ( Informática, Telecomunicaciones, Industriales, Aeroespacial...)","Porque realmente te gusta;Porque tiene salidas profesionales;Porque se paga bien","","Matemáticas;Idiomas;Física;Dibujo","Ciencias Sociales, Historia, Filosofía...;Lengua Castellana y Literatura;Química;Música","","","","","","","Que cobran mucho.","Porque lo soy o estoy estudiando para serlo","No","no se","no se"
"2018/01/10 11:55:28 a. m. CET","15","Hombre","Secundaria (ESO)","","","","","Ingeniería ( Informática, Telecomunicaciones, Industriales, Aeroespacial...)","Porque realmente te gusta","","Ciencias de la Naturaleza, Biología...;Matemáticas","Lengua Castellana y Literatura","","","","","","","Q SON UNA PASADA","Porque lo soy o estoy estudiando para serlo","No","por q no","por q no ls gusta la tecnologia"
"2018/01/10 11:55:44 a. m. CET","15","Mujer","Secundaria (ESO)","","","","","Ingeniería ( Informática, Telecomunicaciones, Industriales, Aeroespacial...)","Porque realmente te gusta;Porque se paga bien","","Matemáticas;Idiomas;Educación Física","Ciencias Sociales, Historia, Filosofía...;Lengua Castellana y Literatura","","","","","","","Que son muy listos","En lo que me cuentan conocidos/as/familiares que lo son","Si","porque hay más chicos","si"
"2018/01/10 11:57:13 a. m. CET","15","Mujer","Secundaria (ESO)","","","","","Artes (Bellas Artes, Diseño Gráfico, Cine, Teatro, Arquitectura...)","Porque realmente te gusta","porque es muy dificil y no me gusta ","Ciencias Sociales, Historia, Filosofía...;Lengua Castellana y Literatura;Educación Física;Economía","Ciencias de la Naturaleza, Biología...;Matemáticas;Física;Química","","","","","","","que son muy inteligentes ya que avanza mucho la tecnologia ","En lo que me cuentan conocidos/as/familiares que lo son","Si","porque se habla mas de informatico en masculino que en femenino ","porque tendran otro gustos y la tecnologia suele gustar  mas en hombres"
"2018/01/10 11:58:13 a. m. CET","17","Mujer","Secundaria (ESO)","","","","","Humanidades (Filosofía, Periodismo, Derecho, Magisterio...)","Porque realmente te gusta","No me gustan las ciencias","Ciencias Sociales, Historia, Filosofía...;Lengua Castellana y Literatura","Ciencias de la Naturaleza, Biología...;Matemáticas;Física;Química","","","","","","","Son muy inteligentes","En lo que veo en películas, series, televisión, libros...;En lo que me cuentan conocidos/as/familiares que lo son","No","Porque no es así","No creo"
"2018/01/10 11:58:48 a. m. CET","17","Hombre","Secundaria (ESO)","","","","","educacion fisica","Porque realmente te gusta","porque me gusta mas el deporte","Matemáticas;Educación Física","Ciencias de la Naturaleza, Biología...","","","","","","","que son necesarios ya que sin ellos no existiria la  tecnologia moderna ","porque eso es lo que pienso","No","yo creo que no ","porque les gustara menos las tecnologias"
"2018/01/10 11:59:14 a. m. CET","16 ","Mujer","Secundaria (ESO)","","","","","Ciencias de la salud ( Enfermería, Medicina, Odontología...)","Porque realmente te gusta","","Matemáticas;Música","Ciencias de la Naturaleza, Biología...;Ciencias Sociales, Historia, Filosofía...;Lengua Castellana y Literatura;Idiomas;Física;Química","","","","","","","que son personas muy inteligentes","En lo que me cuentan conocidos/as/familiares que lo son","No","porque cada uno es libre de elegir que quiere estudiar","porque hoy en día son trabajos que a lo mejor están menos solicitados por las mujeres"
"2018/01/10 11:59:22 a. m. CET","15","Mujer","Secundaria (ESO)","","","","","Humanidades (Filosofía, Periodismo, Derecho, Magisterio...)","Porque realmente te gusta","PORQUE NO ME GUSTAN","Matemáticas;Educación Física;Dibujo","Ciencias Sociales, Historia, Filosofía...;Matemáticas;Física;Química","","","","","","","QUE LES DEBEN DE GUSTAR MUCHO LOS ORDENADORES
","En lo que veo en películas, series, televisión, libros...","No","PORQUE NO","PORQUE LES GUSTAN OTRAS COSAS"
"2018/01/10 11:59:24 a. m. CET","15","Mujer","Secundaria (ESO)","","","","","Letras y Humanidades.","Porque realmente te gusta;Porque tiene salidas profesionales;Porque se paga bien","Porque no se me dan bien los números.","Lengua Castellana y Literatura;Idiomas;Música;Economía","Ciencias de la Naturaleza, Biología...;Ciencias Sociales, Historia, Filosofía...;Matemáticas;Física;Química;Dibujo","","","","","","","Que gracias a ellos la tecnología ha ido mucho más lejos.","En lo que veo en películas, series, televisión, libros...","No","Porque yo tengo familiares cercanos que lo están estudiando y hay mucha gente que les apoya.","la verdad es que no lo sé."
"2018/01/10 11:59:27 a. m. CET","16","Hombre","Secundaria (ESO)","","","","","Seguridad (Bombero/a, Policía, Guardia Civil...)","Porque realmente te gusta;Por influencia de tu familia;Porque tiene salidas profesionales;Porque se paga bien","","Ciencias Sociales, Historia, Filosofía...;Lengua Castellana y Literatura;Educación Física","Ciencias de la Naturaleza, Biología...;Idiomas;Física;Química;Dibujo","","","","","","","que tienen conocimiento","En lo que veo en películas, series, televisión, libros...","No","Porque no lo veo así","porque tienen gustos diferentes"
"2018/01/10 11:59:32 a. m. CET","15","Mujer","Secundaria (ESO)","","","","","Artes (Bellas Artes, Diseño Gráfico, Cine, Teatro, Arquitectura...)","Porque realmente te gusta","porque no me gusta","Ciencias de la Naturaleza, Biología...;Lengua Castellana y Literatura;Idiomas;Música","Matemáticas;Física;Química","","","","","","","pues que son gente que le gusta como a cualquier otra le puede gustar su profesion","En lo que veo en películas, series, televisión, libros...","No","porque no","si pero porque a las mujeres les gustan otras cosas"
"2018/01/10 11:59:48 a. m. CET","15","Hombre","Secundaria (ESO)","","","","","Ingeniería ( Informática, Telecomunicaciones, Industriales, Aeroespacial...)","Porque realmente te gusta;Porque tiene salidas profesionales","","Matemáticas;Idiomas","Ciencias de la Naturaleza, Biología...","","","","","","","Que tienen una buena cualificación, saben mucho de matemáticas y se pueden dedicar a hábitos tan extensos como el software, el hardware, ciberseguridad....","Me he informado un poco y sé más o menos ciertas cosas, como salidas, qué debo estudiar si me quiero dedicar a eso (matématicas)...","No lo sé","No tengo constancia de que se haga o se deje de hacer, así que no puedo responder.,","Porque, en ocasiones, se ejerce la presión social sobre bellas, lo que las desmoraliza a la hora de intentar estudiar algo que no es muy bien aceptado socialmente."
"2018/01/10 11:59:52 a. m. CET","15","Hombre","Secundaria (ESO)","","","","","Ingeniería ( Informática, Telecomunicaciones, Industriales, Aeroespacial...)","Porque realmente te gusta;Porque tiene salidas profesionales;Porque se paga bien","","Ciencias Sociales, Historia, Filosofía...;Matemáticas;Educación Física;Física;Química;Música","Dibujo","","","","","","","Que son inteligentes ","En lo que me cuentan conocidos/as/familiares que lo son","No","Se trata a todos por igual","Porque prefieren otros trabajos"
"2018/01/10 12:00:13 p. m. CET","16","Mujer","Secundaria (ESO)","","","","","Ciencias de la salud ( Enfermería, Medicina, Odontología...)","Porque realmente te gusta","porque ni me gustan,ni se me dan bien","Ciencias de la Naturaleza, Biología...;Ciencias Sociales, Historia, Filosofía...;Lengua Castellana y Literatura;Idiomas;Dibujo;Economía","Matemáticas;Física;Química","","","","","","","que son profesionales muy necesarios para los trabajos del futuro","En lo que veo en películas, series, televisión, libros...","Si","porque creo en que todos podemos hacer lo que queramos independientemente de nuestro sexo y que no debemos dejarnos desanimar por ningún comentario de nadie.","porque actualmente, aunque haya muchas mujeres que están en esas carreras hay ciertos ámbitos que aun están marcados con la discriminación sexista."
"2018/01/10 12:00:34 p. m. CET","16","Mujer","Secundaria (ESO)","","","","","Ciencias sociales (Sociología, Economía, Ciencias Políticas, Psicología...)","Porque realmente te gusta","No se me dan bien las ciencias ","Ciencias de la Naturaleza, Biología...;Matemáticas","Ciencias Sociales, Historia, Filosofía...;Física;Química","","","","","","","Son muy habiles","En lo que me cuentan conocidos/as/familiares que lo son","No","Porque cada persona tiene sus gustos","no lo creo"
"2018/01/10 12:00:35 p. m. CET","15","Mujer","Secundaria (ESO)","","","","","Ciencias ( Física, Matemáticas, Biología, Qíimica...)","Porque realmente te gusta","","Matemáticas;Educación Física","Ciencias Sociales, Historia, Filosofía...","","","","","","","Me interesa lo que hacen","porque me gusta la infomatica","No","porque no tiene sentido","concidencia"
"2018/01/10 12:01:08 p. m. CET","16","Mujer","Secundaria (ESO)","","","","","Artes (Bellas Artes, Diseño Gráfico, Cine, Teatro, Arquitectura...)","Porque realmente te gusta","no se me dan bien los numeros y no me parece interesante.","Idiomas;Música;Dibujo","Ciencias de la Naturaleza, Biología...;Lengua Castellana y Literatura;Matemáticas;Física;Química","","","","","","","son personas qçcon trabajos muy utiles para la sociedad","En lo que veo en películas, series, televisión, libros...;En lo que me cuentan conocidos/as/familiares que lo son","No","cada uno hace lo que quiere","porque se interesan por otras cosas"
"2018/01/10 12:01:51 p. m. CET","15","Mujer","Secundaria (ESO)","","","","","Ciencias de la salud ( Enfermería, Medicina, Odontología...)","Porque realmente te gusta;Porque tiene salidas profesionales","","Ciencias de la Naturaleza, Biología...;Matemáticas;Idiomas;Educación Física","Ciencias Sociales, Historia, Filosofía...;Física;Química;Dibujo","","","","","","","que son muy inteligentes al crear avances tecnologicos","En lo que me cuentan conocidos/as/familiares que lo son","Si","porque vivimos en una sociedad machista en la cual sse ha oido o visto a mas hombres informaticos que mujeres ","o porque estan cohibidas por la sociedad o por miedo a lo que te puedan decir "
"2018/01/10 12:01:58 p. m. CET","15","Mujer","Secundaria (ESO)","","","","","Ciencias de la salud ( Enfermería, Medicina, Odontología...)","Porque realmente te gusta;Porque tiene salidas profesionales","","Ciencias de la Naturaleza, Biología...","Matemáticas","","","","","","","personas con gran productividad hoy en dia","Porque lo soy o estoy estudiando para serlo","No","porque hoy en dia en esas cosas creo que no hay desigualdad","porque las mujeres son mas INTELIGENTES"
"2018/01/10 12:02:07 p. m. CET","15","Hombre","Secundaria (ESO)","","","","","todavía no lo se","todavía no se que voy a estudiar","no lo he marcado","Matemáticas;E.F.","Física;Química;Literatura, lengua si se me da bien","","","","","","","que son muy listos","En lo que me cuentan conocidos/as/familiares que lo son","No","porque cada uno estudia lo que quiere","por que no lo querrán estudiar"
"2018/01/10 12:02:37 p. m. CET","15","Mujer","Secundaria (ESO)","","","","","Humanidades (Filosofía, Periodismo, Derecho, Magisterio...)","Porque realmente te gusta","PORQUE ME RESULTAN DIFICIL","Ciencias de la Naturaleza, Biología...;Lengua Castellana y Literatura;Idiomas;Música;Dibujo","Matemáticas;Física;Química;Economía","","","","","","","QUE TIENEN MUCHA INTELIGENCIA","En lo que me cuentan conocidos/as/familiares que lo son","No","PORQUE SI LES GUSTA SE VAN A DEDICAR A ELLO","PORQUE LES GUSTAN OTRAS COSAS "
"2018/01/10 12:02:37 p. m. CET","15","Mujer","Secundaria (ESO)","","","","","Ciencias de la salud ( Enfermería, Medicina, Odontología...)","Porque realmente te gusta","","Ciencias de la Naturaleza, Biología...;Matemáticas","Ciencias Sociales, Historia, Filosofía...;Lengua Castellana y Literatura","","","","","","","que me gusta lo que hacen","En lo que me cuentan conocidos/as/familiares que lo son","No","hacen lo que quieren","porque no las gustara"
"2018/01/10 12:03:47 p. m. CET","15","Hombre","Secundaria (ESO)","","","","","Ciencias sociales (Sociología, Economía, Ciencias Políticas, Psicología...)","Porque realmente te gusta;Porque tiene salidas profesionales;Porque se paga bien","yo que se ","Ciencias Sociales, Historia, Filosofía...;Educación Física;Música","Lengua Castellana y Literatura;Dibujo","","","","","","","esta pregunta no tiene sentido","esta tampoco lo tiene ","esta tampoco","esta tampoco","yo
 que se"
"2018/01/10 12:04:58 p. m. CET","15","Mujer","Secundaria (ESO)","","","","","Criminología","Porque realmente te gusta","Porque esas carreras no me llaman la atención","Matemáticas;Química;Música","Ciencias Sociales, Historia, Filosofía...;Idiomas;Física","","","","","","","Que son personas que les gusta hacer eso como a cualquier otra.","En suposiciones ","Creo que no directamente pero quizás alguna lo haya sentido así ","Debido a que en la mayoría de películas, series... los informáticos siempre son hombres.","Porque a mi parecer a las mujeres no les suele llamar tanto la atención, pero para gustos los colores."
"2018/01/10 12:06:07 p. m. CET","15","Mujer","Secundaria (ESO)","","","","","Técnicos profesionales (Industria, Nutrición, Turismo, Imagen y sonido, Electricidad...)","Porque realmente te gusta","","Ciencias de la Naturaleza, Biología...;Matemáticas;Educación Física;Química;Música;Dibujo","Idiomas;Física","","","","","","","son inteligentes","conozco informaticos inteligentes","No","porque no tiene sentido","porque las mujeres vamos a lo dinamico y divertido"
"2018/01/10 5:17:09 p. m. CET","19","Hombre","Carrera universitaria/ Grado superior","","","","","","","","","","Carrera","Ciencias","Porque es lo que me gusta","No","Es una de mis opciones de cuando era pequeño, pero no la principal.","Unx no conoce cuáles son y mucho menos cómo son todos los campos de conocimiento cuando es pequeñx.","Desarrollan y llevan a cabo labores muy diversas, y serán de lxs pocxs que seguirán con trabajo cuando se automatice la sociedad.","En mi experiencia personal, la experiencia de gente cercana y lo que he aprendido por mi cuenta.","Por suerte, esto es de las pocas cosas en las que se avanza. No se debiera, pero aún sucede un poco.","Es lo que he observado.","Puede que por la publicidad algo subliminal que se hace de ciertas carreras y grados, en general, en medios de comunicación, escuelas y hasta grupos de amigos. De nuevo, sucede que se no-anima (más que se desanima) a las mujeres a participar en estas carreras, al menos en contraste con otras. Esto se hace patente en la imagen que se da de la informática y las ingenierías en general, y lo acentúa el hecho de que se suele habar mucho más de mujeres en otros campos. Aunque también tendrá que ver con la formación que recibimos de pequeñxs... lo que está claro es que una mujer es al menos igual de válida que un hombre para esta carrera y puede tener tanto o más interés, al fin y al cabo la primera programadora fue una mujer, y tenemos a las mujeres de la NASA y las youtubers ingenieras también."
"2018/01/11 11:39:02 a. m. CET","15","Hombre","Secundaria (ESO)","","","","","Técnicos profesionales (Industria, Nutrición, Turismo, Imagen y sonido, Electricidad...)","Porque realmente te gusta","no me gusta","Educación Física;Música","Ciencias de la Naturaleza, Biología...;Ciencias Sociales, Historia, Filosofía...;Lengua Castellana y Literatura;Matemáticas;Idiomas;Física;Química;Economía","","","","","","","nose
","En lo que me cuentan conocidos/as/familiares que lo son","Si","nose","nose"
"2018/01/11 11:39:38 a. m. CET","13","Mujer","Secundaria (ESO)","","","","","estetica","Porque realmente te gusta;Porque tiene salidas profesionales","","Matemáticas;Música","Ciencias de la Naturaleza, Biología...;Lengua Castellana y Literatura","","","","","","","pues me da igual","En lo que veo en películas, series, televisión, libros...","Si","porque se es machista","Porque en la sociedad se a dado a elegir a la mujer hacia el trabajo como tareas domesticas y/o cuidar hijos"
"2018/01/11 11:39:43 a. m. CET","13","Hombre","Secundaria (ESO)","","","","","Ciencias de la salud ( Enfermería, Medicina, Odontología...)","Porque realmente te gusta","","Matemáticas","Lengua Castellana y Literatura","","","","","","","QUE SON BUENOS","En lo que me cuentan conocidos/as/familiares que lo son;Porque lo soy o estoy estudiando para serlo","No","POR QUE PUEDE HACER LO QUE SE PROPONGAN","POR QUE LA GENTE CREE QUE LAS MUJERES NO VALEN PARA ESO"
"2018/01/11 11:41:28 a. m. CET","13","Mujer","Secundaria (ESO)","","","","","Humanidades (Filosofía, Periodismo, Derecho, Magisterio...)","Porque realmente te gusta","Ingenieria no lo he escogido porque no me gusta y ciencias es una de las cosas que si escogeria porque me gustaria estudiar matematicas pero humanidades me gusta mas","Lengua Castellana y Literatura;Matemáticas","Ciencias Sociales, Historia, Filosofía...","","","","","","","Pues que para estudiar eso tienes que ser muy listo y te tienen que gustar mucho para serlo","En lo que veo en películas, series, televisión, libros...","No","Porque una mujer es igual que un hombre y por se mujer no puedes serlo .","Respecto al machismo y por tener miedo"
"2018/01/11 11:41:35 a. m. CET","13","Hombre","Secundaria (ESO)","","","","","Ingeniería ( Informática, Telecomunicaciones, Industriales, Aeroespacial...)","Porque realmente te gusta","","Matemáticas;Educación Física","Lengua Castellana y Literatura;frances","","","","","","","que saben mucho de se tipo de cosas","porque me gusta la informatica","no me importa","porque si les gusta si quieren que lo estudian y si no les gusta que no lo estudien","no lo se"
"2018/01/11 11:42:17 a. m. CET","13","Mujer","Secundaria (ESO)","","","","","Artes (Bellas Artes, Diseño Gráfico, Cine, Teatro, Arquitectura...)","Porque realmente te gusta","porque de momento prefiero artes","Ciencias de la Naturaleza, Biología...","Física;Química","","","","","","","que deben saber mucho sobre la tecnologia","En lo que me cuentan conocidos/as/familiares que lo son","no tiene porque","no lo creo","porque la gente se cree que las mujeres estan menos capacitadas cuando en realidad es todo lo contrario"
"2018/01/11 11:42:28 a. m. CET","14","Hombre","Secundaria (ESO)","","","","","Ciencias ( Física, Matemáticas, Biología, Qíimica...)","Porque realmente te gusta","","Idiomas;Educación Física","Lengua Castellana y Literatura;Dibujo","","","","","","","que es un trabajo como otro","En lo que veo en películas, series, televisión, libros...","Si","por sexismo","por sexismo"
"2018/01/11 11:42:59 a. m. CET","14","Hombre","Secundaria (ESO)","","","","","Seguridad (Bombero/a, Policía, Guardia Civil...)","Porque realmente te gusta","porque me gustaria ser policia","Educación Física","Lengua Castellana y Literatura","","","","","","","que son importantes pero dentro de unos años no van a servir para nada por que la gente sabra mucho mas de informatica","En lo que me cuentan conocidos/as/familiares que lo son","No","porque no","porque muchas mujeres tienen hijos y no tienen tiempo"
"2018/01/11 11:43:41 a. m. CET","13","Hombre","Secundaria (ESO)","","","","","Ingeniería ( Informática, Telecomunicaciones, Industriales, Aeroespacial...)","Porque realmente te gusta","","Educación Física","Física;Química","","","","","","","Admiro bastante su trabajo y la mayoría lo hacen porque le gusta","Siempre he estado interesado porque me encanta","No","Porque cada uno puede estudiar lo que quiera da igual que sea hombre o mujer","Porque les suele gustar otras cosas, pero no hay ningún problema en que lo estudien"
"2018/01/11 11:43:58 a. m. CET","13","Mujer","Secundaria (ESO)","","","","","nose","nose","porque no me gusta","Matemáticas;Educación Física;Música","Ciencias Sociales, Historia, Filosofía...;Idiomas;Química","","","","","","","no opino","no opino","No","porque es su eleccion","porque no las gustara"
"2018/01/11 11:44:05 a. m. CET","15","Hombre","Secundaria (ESO)","","","","","Seguridad (Bombero/a, Policía, Guardia Civil...)","Porque realmente te gusta","","Matemáticas;Educación Física;Música","Química","","","","","","","Que son necesarios para funcionar","Por que me gusta","No","no se","Por que no les gustará"
"2018/01/11 11:44:38 a. m. CET","13","Mujer","Secundaria (ESO)","","","","","Humanidades (Filosofía, Periodismo, Derecho, Magisterio...)","Porque realmente te gusta;Porque tiene salidas profesionales","","Ciencias de la Naturaleza, Biología...;Matemáticas;Idiomas;Educación Física","Química;Dibujo","","","","","","","buena mentalidad","En lo que veo en películas, series, televisión, libros...;En lo que me cuentan conocidos/as/familiares que lo son","Si","no hay muchas","no se sienten bien"
"2018/01/11 11:45:20 a. m. CET","13","Hombre","Secundaria (ESO)","","","","","veterinario","Porque realmente te gusta","porque no me gusta","Ciencias de la Naturaleza, Biología...;Educación Física;Música;Dibujo","Física;Química","","","","","","","q hasen bien su trabajo","En lo que veo en películas, series, televisión, libros...","No","xq si quieren ellas pueden estudiar","por que no les interesa"
"2018/01/11 11:46:10 a. m. CET","14","Hombre","Secundaria (ESO)","","","","","Técnicos profesionales (Industria, Nutrición, Turismo, Imagen y sonido, Electricidad...)","Porque realmente te gusta","porque no me gusta","Matemáticas;Educación Física;Música","Lengua Castellana y Literatura;Química","","","","","","","que es un trabajo que me gusta","En lo que veo en películas, series, televisión, libros...","Si","porque n","porque no las gustaran"
"2018/01/11 11:46:37 a. m. CET","13","Mujer","Secundaria (ESO)","","","","","Humanidades (Filosofía, Periodismo, Derecho, Magisterio...)","Porque realmente te gusta","","Matemáticas;Educación Física","Ciencias Sociales, Historia, Filosofía...;Química","","","","","","","nada","En lo que veo en películas, series, televisión, libros...","No","Porque si no lo estudian es porque no quieren","no lo se"
"2018/01/11 11:47:15 a. m. CET","13","Mujer","Secundaria (ESO)","","","","","Artes (Bellas Artes, Diseño Gráfico, Cine, Teatro, Arquitectura...)","Porque realmente te gusta","me parece muy complicado y  se me da mal ","Matemáticas;Idiomas;Educación Física;Música","Ciencias de la Naturaleza, Biología...;Ciencias Sociales, Historia, Filosofía...;Física;Química","","","","","","","tienen un trabajo interesante","En lo que veo en películas, series, televisión, libros...;En lo que me cuentan conocidos/as/familiares que lo son","No","porque yo creo que a la mayoría de las que no lo estudian no lo hacen porque no quieren o han encontrado un trabajo mejor","está en la respuesta anterior"
"2018/01/11 11:48:20 a. m. CET","13","Mujer","Secundaria (ESO)","","","","","Artes (Bellas Artes, Diseño Gráfico, Cine, Teatro, Arquitectura...)","Porque realmente te gusta","","Matemáticas;Educación Física;Dibujo","Ciencias Sociales, Historia, Filosofía...","","","","","","","es una carrera como cualquier otra","En lo que veo en películas, series, televisión, libros...","No","por que no es tan interesante","por sus deberes familiares"
"2018/01/11 11:48:46 a. m. CET","13","Mujer","Secundaria (ESO)","","","","","Humanidades (Filosofía, Periodismo, Derecho, Magisterio...)","Porque tiene salidas profesionales;Porque se paga bien","","Ciencias de la Naturaleza, Biología...;Ciencias Sociales, Historia, Filosofía...;Idiomas","Matemáticas;Física;Química","","","","","","","que es un trabajo que no me gusta ","la tecnologia no se me da muy bien ","No","porque no les gustara la tecnologia ","porque a las mujeres no les gustan esos trabajos "
"2018/01/11 11:49:08 a. m. CET","14","Mujer","Secundaria (ESO)","","","","","Ciencias de la salud ( Enfermería, Medicina, Odontología...)","Porque se paga bien","porque no me gustan","Matemáticas","Física","","","","","","","que trabajan bien","Porque lo soy o estoy estudiando para serlo","Si","porque si ","por que se le desanima a ello"
"2018/01/11 11:49:15 a. m. CET","14","Hombre","Secundaria (ESO)","","","","","Ingeniería ( Informática, Telecomunicaciones, Industriales, Aeroespacial...)","Porque realmente te gusta","","Matemáticas","Idiomas","","","","","","","Que saben manejar ordenadores","En lo que me cuentan conocidos/as/familiares que lo son","No","Por que si quieren estudiar pueden","Por que no les gusta estudiarlo"
"2018/01/11 11:49:52 a. m. CET","13","Hombre","Secundaria (ESO)","","","","","Ciencias de la salud ( Enfermería, Medicina, Odontología...)","Porque realmente te gusta","","Ciencias Sociales, Historia, Filosofía...","Lengua Castellana y Literatura","","","","","","","que se les da bien manejar los ordenadores
","En lo que me cuentan conocidos/as/familiares que lo son","No","porque no quieren estudiar eso","porque no les gustara esa profesion"
"2018/01/11 11:52:41 a. m. CET","14","Mujer","Secundaria (ESO)","","","","","Artes (Bellas Artes, Diseño Gráfico, Cine, Teatro, Arquitectura...)","Porque realmente te gusta","por que me parece realmente difícil ","Matemáticas;Idiomas;Música;Dibujo","Ciencias de la Naturaleza, Biología...;Ciencias Sociales, Historia, Filosofía...;Física;Química","","","","","","","nada","Porque lo soy o estoy estudiando para serlo","ni si ni no","porque no se valora mucho el trabajo de las mujeres en informatica","por que no se demuestra mucho interés hacia las mujeres en ese oficio"
"2018/01/11 11:53:29 a. m. CET","15","Mujer","Secundaria (ESO)","","","","","Artes (Bellas Artes, Diseño Gráfico, Cine, Teatro, Arquitectura...)","Porque realmente te gusta","por que no me llama la atencion","Ciencias de la Naturaleza, Biología...;Matemáticas;Música;Dibujo","Física;Química","","","","","","","que hacen un buen trabajo la mayoria","Porque lo soy o estoy estudiando para serlo","Si","por que algunas personas las desaniman ","por que no les gustan "
"2018/01/11 12:00:33 p. m. CET","13","Mujer","Secundaria (ESO)","","","","","Ciencias ( Física, Matemáticas, Biología, Qíimica...)","Porque realmente te gusta","porque no me gusta la asingnatura","Matemáticas;Física;Música","Lengua Castellana y Literatura;Química;Dibujo","","","","","","","es que son bastantes buenos estudiantes ","Porque lo soy o estoy estudiando para serlo","Si","porque los hombres le gustan mas que las mujeres ","porque hay mas hombres que estudian eso ."
"2018/01/11 9:57:32 p. m. CET","25","Hombre","Estudios de posgrado (Máster/Doctorado)","","","","","","","","","","Estudios de postgrado","Humanidades","Porque es lo que me gusta","Sí","Si","","Son necesarios","Mi experiencia con las Tics","No","Porque ahora hay una amplia variedad de estudios que libremente se escogen.
","Quizás porque no les interesa"
"2018/01/12 1:33:14 p. m. CET","17","Hombre","Secundaria (ESO)","","","","","Seguridad (Bombero/a, Policía, Guardia Civil...)","Porque realmente te gusta","por que no me gusta","Educación Física;Música","Ciencias de la Naturaleza, Biología...;Lengua Castellana y Literatura;Dibujo","","","","","","","pues que tiene que haber estudiado bastante para saber las piezas del ordenador","En lo que me cuentan conocidos/as/familiares que lo son","No","por que todo el mundo puede estudiar lo que mas le guste","porque puede que no las guste tanto como otras carreras"
"2018/01/12 1:34:34 p. m. CET","16","Hombre","Secundaria (ESO)","","","","","Seguridad (Bombero/a, Policía, Guardia Civil...)","Porque realmente te gusta","","Ciencias Sociales, Historia, Filosofía...;Educación Física;Economía","Ciencias de la Naturaleza, Biología...;Idiomas;Química;Dibujo","","","","","","","gente que se pasa muchas horas delante de un ordenador","En lo que veo en películas, series, televisión, libros...","No","creo que no hay discriminacion para ser informatico , en otros pficios si y no estoy de acuerdo con ello","casualidad"
"2018/01/12 1:35:43 p. m. CET","17","Mujer","Secundaria (ESO)","","","","","profesora de baile","Porque realmente te gusta","por que no me gusta ","Matemáticas;Música","Ciencias Sociales, Historia, Filosofía...;Idiomas","","","","","","","nada, si les gusta su trabajo ","En lo que me cuentan conocidos/as/familiares que lo son","No","por que todo el mundo puede y debe estudiar lo que realmente le llene y le guste","por que a las mujeres les gustara mas otra cosa"
"2018/01/12 1:36:00 p. m. CET","16","Mujer","Secundaria (ESO)","","","","","Ciencias de la salud ( Enfermería, Medicina, Odontología...)","Porque realmente te gusta","","Ciencias de la Naturaleza, Biología...;Educación Física;Música","Ciencias Sociales, Historia, Filosofía...;Lengua Castellana y Literatura;Matemáticas;Idiomas;Física;Química;Dibujo;Economía","","","","","","","Pues nose ellos sabran","Porque lo soy o estoy estudiando para serlo","Si","Porque creen que no van a poder con ello.","Pues si"
"2018/01/12 1:36:09 p. m. CET","16","Hombre","Secundaria (ESO)","","","","","COMERCIO ","Porque realmente te gusta;Por influencia de tu familia;Porque se paga bien","PORQUE NO SE ME DAN BIEN ","Lengua Castellana y Literatura;Física;Música","Ciencias de la Naturaleza, Biología...;Matemáticas;Física;Química","","","","","","","QUE TIENEN HABILIDADES PARA ENTENDER CIERTAS COSAS","POR UNA OPINIÓN PROPIA","No","NO HE VISTO NINGÚN INDICIO SOBRE ELLO ","PORQUE LA SOCIEDAD LAS MINUSVALORA EN CUANTO A CIERTAS OFICIOS O ESTUDIOS "
"2018/01/12 1:36:37 p. m. CET","16","Mujer","Secundaria (ESO)","","","","","Gastronomía y turismo","Porque realmente te gusta","porque no me llama la atencion","Matemáticas","Lengua Castellana y Literatura","","","","","","","que saben mas cosas que otras personas","porque es mi opinion","No","...","Porque estamos en una sociedad machista y opresora"
"2018/01/12 1:37:57 p. m. CET","17","Mujer","Secundaria (ESO)","","","","","asesoria de imagen personal","Porque realmente te gusta","porque no me gusta estudiar","Ciencias Sociales, Historia, Filosofía...;Idiomas","Matemáticas;Química","","","","","","","descubren muchas cosas y nos ayudan ","En lo que veo en películas, series, televisión, libros...","No","porque no","nose"
"2018/01/12 1:38:05 p. m. CET","16","Hombre","Secundaria (ESO)","","","","","autonomo","Porque se paga bien","","Educación Física","Ciencias de la Naturaleza, Biología...;Matemáticas;Idiomas;Física","","","","","","","son super importantes para el avance de la sociedad","En lo que me cuentan conocidos/as/familiares que lo son","No","porque no","porque preferiran otras cosas"
"2018/01/12 1:38:16 p. m. CET","16","Mujer","Secundaria (ESO)","","","","","Ciencias sociales (Sociología, Economía, Ciencias Políticas, Psicología...)","Porque realmente te gusta","","Dibujo","Ciencias Sociales, Historia, Filosofía...;Matemáticas;Física;Química","","","","","","","Pienso que tienen un trabajo muy difícil, pues manejar tantos conocimientos importantes a la hora de crear y/o manejar un dispositivo informático es muy interesante y a la vez muy complicado. ","En lo que me cuentan conocidos/as/familiares que lo son","Si","Porque me desanima a estudiar algo que me interesa, que me gusta, y que es divertido (pero complicado) ","1- falta de ánimos
2- Poca permisión :v"
"2018/01/12 1:39:02 p. m. CET","15","Mujer","Secundaria (ESO)","","","","","Ciencias de la salud ( Enfermería, Medicina, Odontología...)","Porque realmente te gusta;Porque tiene salidas profesionales","porque me gusta","Ciencias de la Naturaleza, Biología...","Idiomas","","","","","","","pues que es otro trabajo más como cualquier otro","En lo que me cuentan conocidos/as/familiares que lo son","No","porque ningún oficio es de mujeres o de hombres","porque normalmente las mujeres estudian mas que los hombres, y les gusta hacer carreras"
"2018/01/12 1:41:08 p. m. CET","17","Hombre","Secundaria (ESO)","","","","","Ingeniería ( Informática, Telecomunicaciones, Industriales, Aeroespacial...)","Porque realmente te gusta","","Ciencias Sociales, Historia, Filosofía...;Matemáticas;Idiomas;Educación Física;Música;Dibujo;ninguna","Lengua Castellana y Literatura;Matemáticas","","","","","","","que esta bien","mi opinion","Que estudien lo que quieran","es su vida","no lo se"
"2018/01/12 1:41:37 p. m. CET","17","Hombre","Secundaria (ESO)","","","","","Biometria","Porque realmente te gusta","Porque paso","Idiomas;Filosofia","Ciencias de la Naturaleza, Biología...;Lengua Castellana y Literatura;Matemáticas;Física;Química","","","","","","","Son verdaderos genios              ","En lo que veo en películas, series, televisión, libros...","No","Porque lo demuestran","Porque se interesaran menos por eso"
"2018/01/12 1:41:48 p. m. CET","16","Mujer","Secundaria (ESO)","","","","","Danza","Porque realmente te gusta","Porque no me gusta.","Matemáticas;Idiomas;Educación Física;Música","Ciencias Sociales, Historia, Filosofía...;Lengua Castellana y Literatura","","","","","","","Que dominarán el mundo.","En que tienen estudios superiores.","No","Porque no se hace.","Porque son aburridas y hay otras más interesantes."
"2018/01/12 1:42:04 p. m. CET","17","Mujer","Secundaria (ESO)","","","","","Artes (Bellas Artes, Diseño Gráfico, Cine, Teatro, Arquitectura...)","Porque realmente te gusta;Porque tiene salidas profesionales","porque no se me da bien y no me gusta ","Matemáticas;Educación Física;Música;Dibujo","Ciencias de la Naturaleza, Biología...;Idiomas;Física;Química","","","","","","","que tienen la misma capacidad que otras personas que estudian otra cosa","En lo que me cuentan conocidos/as/familiares que lo son;es lo que pienso","Si","porque se piensan que no pueden , que no tienen la misma capacidad ","porque se suele decir mucho que es un trabajo para hombres y eso a muchas les desanima y estudian otras cosas"
"2018/01/12 1:42:26 p. m. CET","16","Hombre","Secundaria (ESO)","","","","","HOMBRE DE NEGOCIOS","PORQUE QUIERO PODER ADQUISITIVO Y SER EJEMPLAR","","Matemáticas","Idiomas;Física;Química","","","","","","","MI OPNION ES QUE HACEN FALTA PARA ESTA SOCIEDAD","En lo que veo en películas, series, televisión, libros...;En lo que me cuentan conocidos/as/familiares que lo son","No","NO ","NO"
"2018/01/12 1:42:44 p. m. CET","16","Mujer","Secundaria (ESO)","","","","","Ingeniería ( Informática, Telecomunicaciones, Industriales, Aeroespacial...)","Porque realmente te gusta","","Ciencias de la Naturaleza, Biología...;Matemáticas;Química;Música;Dibujo","Ciencias Sociales, Historia, Filosofía...;Lengua Castellana y Literatura;Educación Física;Física;Economía","","","","","","","Que hacen mucho trabajo","Porque mas o menos he visto lo que es, he hecho algo y es difícil","No","No se, no tiene porque, a mi no me desanima","Porque no querrán ir o porque dicen que son cosas de hombres"
"2018/01/12 1:43:40 p. m. CET","17","Hombre","Secundaria (ESO)","","","","","Seguridad (Bombero/a, Policía, Guardia Civil...)","Porque realmente te gusta;Porque tiene salidas profesionales","porque no me mola","Lengua Castellana y Literatura;Matemáticas;Idiomas;Educación Física;Música","Ciencias de la Naturaleza, Biología...;Ciencias Sociales, Historia, Filosofía...;Lengua Castellana y Literatura;Matemáticas;Idiomas","","","","","","","nada.","he dicho nada","ns","nose","por la sociedad"
"2018/01/12 1:44:21 p. m. CET","16","Mujer","Secundaria (ESO)","","","","","Artes (Bellas Artes, Diseño Gráfico, Cine, Teatro, Arquitectura...)","Porque realmente te gusta","No me interesa.","Ciencias de la Naturaleza, Biología...;Lengua Castellana y Literatura;Dibujo","Matemáticas;Física","","","","","","","Me parece que hacen una gran labor.","En lo que me cuentan conocidos/as/familiares que lo son","No","No creo que se desanime a las mujeres pero sí que es verdad que en ese campo ha habido más hombres que mujeres.","Por sus gustos/prefrencias"
"2018/01/12 1:44:29 p. m. CET","17","Mujer","Secundaria (ESO)","","","","","Ciencias de la salud ( Enfermería, Medicina, Odontología...)","Porque realmente te gusta","","Ciencias de la Naturaleza, Biología...","Física","","","","","","","Su trabajo aporta mucho a la sociedad.","En lo que me cuentan conocidos/as/familiares que lo son","No","Según lo que yo he visto, en ningún momento se ha desanimado a las mujeres para no estudiar algo.","Porque prefieren encaminarse por otros ámbitos, depende de la persona."
"2018/01/12 1:44:58 p. m. CET","15","Hombre","Secundaria (ESO)","","","","","Seguridad (Bombero/a, Policía, Guardia Civil...)","Porque realmente te gusta","","Educación Física","Idiomas","","","","","","","Son necesarios","En lo que veo en películas, series, televisión, libros...","No","Creo que se las trata igual","Creo que es algo que gusta menos en las mujeres"
"2018/01/12 1:46:39 p. m. CET","16","Mujer","Secundaria (ESO)","","","","","Ingeniería ( Informática, Telecomunicaciones, Industriales, Aeroespacial...)","Porque realmente te gusta","","Ciencias de la Naturaleza, Biología...;Matemáticas;Química;Música;Dibujo","Ciencias Sociales, Historia, Filosofía...;Lengua Castellana y Literatura;Educación Física;Física;Economía","","","","","","","Que hacen mucho trabajo","Porque mas o menos he visto lo que es, he hecho algo y es difícil","No","No se, no tiene porque, a mi no me desanima","Porque no querrán ir o porque dicen que son cosas de hombres"
"2018/01/12 1:46:50 p. m. CET","17","Mujer","Secundaria (ESO)","","","","","Ciencias de la salud ( Enfermería, Medicina, Odontología...)","Porque realmente te gusta","","Idiomas","Ciencias de la Naturaleza, Biología...;Ciencias Sociales, Historia, Filosofía...;Física;Química","","","","","","","que son inteligentes","En lo que veo en películas, series, televisión, libros...","No","porque es normal ver a una mujer informatica, lo que pasa es que a las mujeres a lo mejor no les sule llamar la atencion esta profesion","porque no les gusta"
"2018/01/12 1:47:25 p. m. CET","15","Mujer","Secundaria (ESO)","","","","","Humanidades (Filosofía, Periodismo, Derecho, Magisterio...)","Porque realmente te gusta","no me gusta.","Ciencias de la Naturaleza, Biología...;Música;Dibujo","Matemáticas;Idiomas;Física;Química","","","","","","","personas muy majas.","opinion personal.","No","cada uno hace lo que quiere.","porque no les gusta."
"2018/01/12 1:49:24 p. m. CET","16","Mujer","Secundaria (ESO)","","","","","funcionaria","Porque realmente te gusta","porque no se me da bien","Idiomas","Ciencias de la Naturaleza, Biología...;Ciencias Sociales, Historia, Filosofía...;Lengua Castellana y Literatura;Educación Física;Física;Química;Dibujo;Economía","","","","","","","que son inteligentes","En lo que veo en películas, series, televisión, libros...","Si","porque todo el mundo se desanima si no le sale bien","no se "
"2018/01/12 1:52:01 p. m. CET","16","Mujer","Secundaria (ESO)","","","","","administración de empresas","Porque tiene salidas profesionales","","Matemáticas","Lengua Castellana y Literatura;Idiomas;Física;Química","","","","","","","Nada en especial si no que ellos hacen que la informática sea o parezca mas fácil","En lo que me cuentan conocidos/as/familiares que lo son","Si","por que algunas mujeres estan dentro de una sociedad de mucho machismo","por que están influenciadas por algunos hombres y a la vez para mi lo que puede ganar un hombre en el trabajo no se lo pagan a las mujeres pero eso pasa en todos los trabajos."
"2018/01/12 1:52:17 p. m. CET","15","Hombre","Secundaria (ESO)","","","","","Hostelería y dirección de cocina","Porque realmente te gusta;Porque tiene salidas profesionales;Porque se paga bien","no  me gustan","Ciencias de la Naturaleza, Biología...;Ciencias Sociales, Historia, Filosofía...;Idiomas;Educación Física;Música","Matemáticas;Física;Química;Dibujo","","","","","","","Que son geniales","En lo que me cuentan conocidos/as/familiares que lo son","Si","Porque se piensa que es solo para hombres","Porque se las influye"
"2018/01/12 1:52:22 p. m. CET","17","Mujer","Secundaria (ESO)","","","","","Técnicos profesionales (Industria, Nutrición, Turismo, Imagen y sonido, Electricidad...)","Porque realmente te gusta","porque no me gusta","Educación Física;Dibujo","Ciencias de la Naturaleza, Biología...;Lengua Castellana y Literatura;Matemáticas","","","","","","","que son muy inteligentes","En lo que me cuentan conocidos/as/familiares que lo son","No","porque no","porque son mas listas"
"2018/01/12 1:55:06 p. m. CET","17","Hombre","Secundaria (ESO)","","","","","Criminología","Porque realmente te gusta","","Matemáticas;Educación Física;Música","Ciencias de la Naturaleza, Biología...;Ciencias Sociales, Historia, Filosofía...;Lengua Castellana y Literatura;Idiomas;Física;Química;Dibujo;Economía","","","","","","","Nada","En lo que veo en películas, series, televisión, libros...","No","Porque no","No lo se"